,Event Number,Occurred/Discovered Date and Time,Product Category,Product Type,Volume Released,Latitude,Longitude,Gas,Liquid,Miscellaneous,Amine,Butane,Condensate,Contaminated Water,Crude Oil - Sour,Crude Oil - Sweet,Crude Oil - Synthetic,Diesel Fuel,Drilling Fluid,Fuel Gas,Gasoline,Glycol,Hydrogen Sulphide,Jet Fuel,Lube Oil,Mixed HVP Hydrocarbons,Natural Gas - Sour,Natural Gas - Sweet,Natural Gas Liquids,Odourant,Potassium Carbonate,Potassium Hydroxide (caustic solution),Produced Water,Propane,Pulp slurry,Sulphur,Sulphur Dioxide,Waste Oil,Water
712,INC2020-005,2020-01-20 09:51:00,Liquid,Condensate,26.0,52.14173322,-109.8129918,0,1,0,0,0,1,0,0,0,0,0,0,0,0,0,0,0,0,0,0,0,0,0,0,0,0,0,0,0,0,0,0
507,INC2015-109,2015-09-16 07:53:00,Gas,Natural Gas Liquids,0.0076,49.749362,-101.244345,1,0,0,0,0,0,0,0,0,0,0,0,0,0,0,0,0,0,0,0,0,1,0,0,0,0,0,0,0,0,0,0
118,INC2010-051,2010-05-22 02:00:00,Gas,Natural Gas - Sweet,1.0,57.19361,-118.20534,1,0,0,0,0,0,0,0,0,0,0,0,0,0,0,0,0,0,0,0,1,0,0,0,0,0,0,0,0,0,0,0
682,INC2018-139,2018-10-05 01:40:00,Gas,Natural Gas - Sweet,607.13,50.30496,-112.09675,1,0,0,0,0,0,0,0,0,0,0,0,0,0,0,0,0,0,0,0,1,0,0,0,0,0,0,0,0,0,0,0
422,INC2014-064,2014-04-30 11:20:00,Miscellaneous,Amine,6.5,58.653246,-122.684823,0,0,1,1,0,0,0,0,0,0,0,0,0,0,0,0,0,0,0,0,0,0,0,0,0,0,0,0,0,0,0,0
567,INC2016-107,2016-09-03 12:36:00,Gas,Natural Gas - Sweet,1.0,49.443028,-91.714439,1,0,0,0,0,0,0,0,0,0,0,0,0,0,0,0,0,0,0,0,1,0,0,0,0,0,0,0,0,0,0,0
516,INC2015-123,2015-10-29 02:00:00,Gas,Natural Gas - Sweet,1.0,57.3426,-111.74337,1,0,0,0,0,0,0,0,0,0,0,0,0,0,0,0,0,0,0,0,1,0,0,0,0,0,0,0,0,0,0,0
385,INC2013-161,2013-11-25 11:40:00,Liquid,Crude Oil - Sweet,2.25,53.307156,-113.511011,0,1,0,0,0,0,0,0,1,0,0,0,0,0,0,0,0,0,0,0,0,0,0,0,0,0,0,0,0,0,0,0
721,INC2020-057,2020-06-12 11:23:00,Liquid,Crude Oil - Sweet,150.0,49.06567935,-122.1597143,0,1,0,0,0,0,0,0,1,0,0,0,0,0,0,0,0,0,0,0,0,0,0,0,0,0,0,0,0,0,0,0
595,INC2017-035,2017-03-04 10:00:00,Miscellaneous,Hydrogen Sulphide,0.59,55.56909171,-121.9446616,0,0,1,0,0,0,0,0,0,0,0,0,0,0,0,1,0,0,0,0,0,0,0,0,0,0,0,0,0,0,0,0
356,INC2013-096,2013-06-19 12:15:00,Gas,Natural Gas - Sweet,5000.0,50.480661,-105.867038,1,0,0,0,0,0,0,0,0,0,0,0,0,0,0,0,0,0,0,0,1,0,0,0,0,0,0,0,0,0,0,0
387,INC2013-164,2013-12-01 09:50:00,Liquid,Crude Oil - Sweet,12.0,53.544543,-113.360195,0,1,0,0,0,0,0,0,1,0,0,0,0,0,0,0,0,0,0,0,0,0,0,0,0,0,0,0,0,0,0,0
703,INC2019-089,2019-08-08 05:00:00,Gas,Natural Gas - Sour,155958.38,58.6527,-122.7042,1,0,0,0,0,0,0,0,0,0,0,0,0,0,0,0,0,0,0,1,0,0,0,0,0,0,0,0,0,0,0,0
429,INC2014-078,2014-06-01 11:50:00,Gas,Natural Gas - Sweet,160000.0,53.818798,-113.584867,1,0,0,0,0,0,0,0,0,0,0,0,0,0,0,0,0,0,0,0,1,0,0,0,0,0,0,0,0,0,0,0
335,INC2013-041,2013-03-07 04:30:00,Gas,Natural Gas - Sweet,0.0001,49.681165,-95.374581,1,0,0,0,0,0,0,0,0,0,0,0,0,0,0,0,0,0,0,0,1,0,0,0,0,0,0,0,0,0,0,0
457,INC2014-155,2014-12-23 06:00:00,Gas,Natural Gas - Sweet,0.01,49.79171,-94.49432,1,0,0,0,0,0,0,0,0,0,0,0,0,0,0,0,0,0,0,0,1,0,0,0,0,0,0,0,0,0,0,0
220,INC2011-114,2011-08-04 09:30:00,Gas,Natural Gas - Sweet,934.0,44.648901,-63.575335,1,0,0,0,0,0,0,0,0,0,0,0,0,0,0,0,0,0,0,0,1,0,0,0,0,0,0,0,0,0,0,0
572,INC2016-120,2016-10-05 04:00:00,Gas,Natural Gas - Sweet,342.0,51.599421,-114.244235,1,0,0,0,0,0,0,0,0,0,0,0,0,0,0,0,0,0,0,0,1,0,0,0,0,0,0,0,0,0,0,0
525,INC2015-144,2015-12-11 10:00:00,Gas,Natural Gas - Sweet,1.0,49.72011504,-96.98386154,1,0,0,0,0,0,0,0,0,0,0,0,0,0,0,0,0,0,0,0,1,0,0,0,0,0,0,0,0,0,0,0
718,INC2020-043,2020-04-26 08:34:00,Gas,Natural Gas - Sweet,1.0,56.7054,-111.403,1,0,0,0,0,0,0,0,0,0,0,0,0,0,0,0,0,0,0,0,1,0,0,0,0,0,0,0,0,0,0,0
172,INC2011-004,2011-01-12 02:00:00,Gas,Natural Gas - Sweet,192.0,46.84822454,-79.8090245,1,0,0,0,0,0,0,0,0,0,0,0,0,0,0,0,0,0,0,0,1,0,0,0,0,0,0,0,0,0,0,0
551,INC2016-066,2016-06-16 08:00:00,Miscellaneous,Contaminated Water,725.0,55.56909171,-121.9446616,0,0,1,0,0,0,1,0,0,0,0,0,0,0,0,0,0,0,0,0,0,0,0,0,0,0,0,0,0,0,0,0
1,INC2008-004,2008-01-23 06:05:00,Liquid,Crude Oil - Sweet,100.0,49.73135,-101.23557,0,1,0,0,0,0,0,0,1,0,0,0,0,0,0,0,0,0,0,0,0,0,0,0,0,0,0,0,0,0,0,0
714,INC2020-016,2020-02-07 10:30:00,Gas,Natural Gas - Sweet,0.1,53.198483,-116.192766,1,0,0,0,0,0,0,0,0,0,0,0,0,0,0,0,0,0,0,0,1,0,0,0,0,0,0,0,0,0,0,0
278,INC2012-081,2012-06-28 10:57:00,Gas,Natural Gas - Sweet,955000.0,57.06925,-121.63939,1,0,0,0,0,0,0,0,0,0,0,0,0,0,0,0,0,0,0,0,1,0,0,0,0,0,0,0,0,0,0,0
343,INC2013-066,2013-04-25 10:40:00,Gas,Natural Gas - Sweet,736.0,44.68563,-63.59679,1,0,0,0,0,0,0,0,0,0,0,0,0,0,0,0,0,0,0,0,1,0,0,0,0,0,0,0,0,0,0,0
237,INC2011-173,2011-11-21 12:00:00,Gas,Natural Gas - Sweet,4.0,49.74457,-84.06787,1,0,0,0,0,0,0,0,0,0,0,0,0,0,0,0,0,0,0,0,1,0,0,0,0,0,0,0,0,0,0,0
583,INC2016-149,2016-12-22 05:10:00,Gas,Natural Gas - Sweet,9246.0,53.20998,-111.84962,1,0,0,0,0,0,0,0,0,0,0,0,0,0,0,0,0,0,0,0,1,0,0,0,0,0,0,0,0,0,0,0
174,INC2011-007,2011-01-20 12:00:00,Gas,Propane,4.2,56.14641,-120.66907,1,0,0,0,0,0,0,0,0,0,0,0,0,0,0,0,0,0,0,0,0,0,0,0,0,0,1,0,0,0,0,0
650,INC2017-195,2017-12-05 11:00:00,Gas,Natural Gas - Sweet,5125.0,54.17425,-116.67334,1,0,0,0,0,0,0,0,0,0,0,0,0,0,0,0,0,0,0,0,1,0,0,0,0,0,0,0,0,0,0,0
468,INC2015-027,2015-03-09 12:00:00,Gas,Propane,6.94,56.1497,-120.6724,1,0,0,0,0,0,0,0,0,0,0,0,0,0,0,0,0,0,0,0,0,0,0,0,0,0,1,0,0,0,0,0
467,INC2015-026,2015-03-09 09:30:00,Miscellaneous,Contaminated Water,2.0,55.573,-121.941,0,0,1,0,0,0,1,0,0,0,0,0,0,0,0,0,0,0,0,0,0,0,0,0,0,0,0,0,0,0,0,0
141,INC2010-103,2010-09-22 11:15:00,Gas,Natural Gas - Sweet,14.2,45.129046,-66.831379,1,0,0,0,0,0,0,0,0,0,0,0,0,0,0,0,0,0,0,0,1,0,0,0,0,0,0,0,0,0,0,0
623,INC2017-115,2017-08-10 03:55:00,Gas,Natural Gas - Sweet,9777.0,50.71329,-112.09327,1,0,0,0,0,0,0,0,0,0,0,0,0,0,0,0,0,0,0,0,1,0,0,0,0,0,0,0,0,0,0,0
289,INC2012-111,2012-08-22 02:31:00,Gas,Natural Gas - Sweet,34.9,51.40776,-113.65548,1,0,0,0,0,0,0,0,0,0,0,0,0,0,0,0,0,0,0,0,1,0,0,0,0,0,0,0,0,0,0,0
519,INC2015-132,2015-11-17 10:36:00,Miscellaneous,Hydrogen Sulphide,770.0,55.56909171,-121.9446616,0,0,1,0,0,0,0,0,0,0,0,0,0,0,0,1,0,0,0,0,0,0,0,0,0,0,0,0,0,0,0,0
611,INC2017-079,2017-05-30 03:05:00,Gas,Natural Gas - Sweet,7.5,54.95988,-119.1945,1,0,0,0,0,0,0,0,0,0,0,0,0,0,0,0,0,0,0,0,1,0,0,0,0,0,0,0,0,0,0,0
465,INC2015-021,2015-02-27 05:50:00,Gas,Natural Gas - Sweet,0.1,55.0045,-119.472,1,0,0,0,0,0,0,0,0,0,0,0,0,0,0,0,0,0,0,0,1,0,0,0,0,0,0,0,0,0,0,0
322,INC2013-004,2013-01-08 04:55:00,Gas,Natural Gas - Sweet,679.0,45.17741,-61.6223,1,0,0,0,0,0,0,0,0,0,0,0,0,0,0,0,0,0,0,0,1,0,0,0,0,0,0,0,0,0,0,0
463,INC2015-018,2015-02-13 12:00:00,Miscellaneous,Water,70.0,56.1447,-120.6686,0,0,1,0,0,0,0,0,0,0,0,0,0,0,0,0,0,0,0,0,0,0,0,0,0,0,0,0,0,0,0,1
482,INC2015-056,2015-05-11 11:00:00,Gas,Natural Gas - Sweet,3400000.0,50.16626,-110.59318,1,0,0,0,0,0,0,0,0,0,0,0,0,0,0,0,0,0,0,0,1,0,0,0,0,0,0,0,0,0,0,0
643,INC2017-185,2017-11-19 01:00:00,Gas,Natural Gas - Sweet,34483.0,49.95917767,-120.9160278,1,0,0,0,0,0,0,0,0,0,0,0,0,0,0,0,0,0,0,0,1,0,0,0,0,0,0,0,0,0,0,0
301,INC2012-133,2012-09-28 12:20:00,Gas,Natural Gas - Sweet,5.7,45.806186,-66.593942,1,0,0,0,0,0,0,0,0,0,0,0,0,0,0,0,0,0,0,0,1,0,0,0,0,0,0,0,0,0,0,0
24,INC2008-075,2008-07-23 08:30:00,Liquid,Diesel Fuel,2.0,53.5416,-113.36454,0,1,0,0,0,0,0,0,0,0,1,0,0,0,0,0,0,0,0,0,0,0,0,0,0,0,0,0,0,0,0,0
500,INC2015-096,2015-08-21 12:00:00,Gas,Natural Gas - Sweet,0.001,51.32322,-113.37743,1,0,0,0,0,0,0,0,0,0,0,0,0,0,0,0,0,0,0,0,1,0,0,0,0,0,0,0,0,0,0,0
79,INC2009-104,2009-09-19 11:59:00,Gas,Natural Gas - Sweet,63000.0,53.96117,-116.46306,1,0,0,0,0,0,0,0,0,0,0,0,0,0,0,0,0,0,0,0,1,0,0,0,0,0,0,0,0,0,0,0
94,INC2009-129,2009-11-22 12:00:00,Gas,Natural Gas - Sweet,0.1,45.26269,-65.98211,1,0,0,0,0,0,0,0,0,0,0,0,0,0,0,0,0,0,0,0,1,0,0,0,0,0,0,0,0,0,0,0
419,INC2014-062,2014-04-28 03:20:00,Gas,Natural Gas - Sweet,0.001,55.569186,-110.720302,1,0,0,0,0,0,0,0,0,0,0,0,0,0,0,0,0,0,0,0,1,0,0,0,0,0,0,0,0,0,0,0
701,INC2019-049,2019-05-01 04:57:00,Miscellaneous,Water,236.0,47.36,-68.33,0,0,1,0,0,0,0,0,0,0,0,0,0,0,0,0,0,0,0,0,0,0,0,0,0,0,0,0,0,0,0,1
341,INC2013-063,2013-04-15 11:05:00,Gas,Natural Gas - Sweet,0.028,45.218884,-65.984989,1,0,0,0,0,0,0,0,0,0,0,0,0,0,0,0,0,0,0,0,1,0,0,0,0,0,0,0,0,0,0,0
529,INC2016-002,2015-12-31 04:22:00,Gas,Natural Gas - Sweet,72500.0,56.17397,-120.60927,1,0,0,0,0,0,0,0,0,0,0,0,0,0,0,0,0,0,0,0,1,0,0,0,0,0,0,0,0,0,0,0
490,INC2015-083,2015-07-03 12:00:00,Gas,Natural Gas - Sour,13.4,58.654643,-122.68924,1,0,0,0,0,0,0,0,0,0,0,0,0,0,0,0,0,0,0,1,0,0,0,0,0,0,0,0,0,0,0,0
449,INC2014-137,2014-11-12 02:30:00,Gas,Natural Gas - Sweet,0.001,52.46696,-114.2987,1,0,0,0,0,0,0,0,0,0,0,0,0,0,0,0,0,0,0,0,1,0,0,0,0,0,0,0,0,0,0,0
691,INC2018-187,2018-12-30 11:00:00,Gas,Natural Gas - Sweet,609.0,52.72947567,-122.4419765,1,0,0,0,0,0,0,0,0,0,0,0,0,0,0,0,0,0,0,0,1,0,0,0,0,0,0,0,0,0,0,0
552,INC2016-067,2016-07-02 02:00:00,Gas,Natural Gas - Sweet,2000.0,46.11305974,-64.71567652,1,0,0,0,0,0,0,0,0,0,0,0,0,0,0,0,0,0,0,0,1,0,0,0,0,0,0,0,0,0,0,0
553,INC2016-077,2016-07-11 01:00:00,Gas,Natural Gas - Sweet,1750.0,43.00475402,-79.05071351,1,0,0,0,0,0,0,0,0,0,0,0,0,0,0,0,0,0,0,0,1,0,0,0,0,0,0,0,0,0,0,0
664,INC2018-013,2018-02-04 08:30:00,Gas,Natural Gas - Sweet,159600.0,51.5509423,-121.2689384,1,0,0,0,0,0,0,0,0,0,0,0,0,0,0,0,0,0,0,0,1,0,0,0,0,0,0,0,0,0,0,0
74,INC2009-090,2009-09-04 01:30:00,Gas,Fuel Gas,100.0,54.8308,-118.64572,1,0,0,0,0,0,0,0,0,0,0,0,1,0,0,0,0,0,0,0,0,0,0,0,0,0,0,0,0,0,0,0
676,INC2018-060,2018-06-09 02:00:00,Gas,Natural Gas - Sweet,13944.0,55.25153009,-114.5217525,1,0,0,0,0,0,0,0,0,0,0,0,0,0,0,0,0,0,0,0,1,0,0,0,0,0,0,0,0,0,0,0
259,INC2012-038,2012-02-28 11:00:00,Gas,Natural Gas - Sweet,65.0,54.64742,-112.80015,1,0,0,0,0,0,0,0,0,0,0,0,0,0,0,0,0,0,0,0,1,0,0,0,0,0,0,0,0,0,0,0
201,INC2011-065,2011-04-22 03:00:00,Liquid,Crude Oil - Sweet,1.6,53.60352778,-115.4963889,0,1,0,0,0,0,0,0,1,0,0,0,0,0,0,0,0,0,0,0,0,0,0,0,0,0,0,0,0,0,0,0
424,INC2015-050,2014-05-08 07:00:00,Gas,Natural Gas - Sweet,10374.0,46.16167,-65.34959,1,0,0,0,0,0,0,0,0,0,0,0,0,0,0,0,0,0,0,0,1,0,0,0,0,0,0,0,0,0,0,0
561,INC2016-090,2016-08-10 08:30:00,Miscellaneous,Sulphur Dioxide,578.0,55.56909171,-121.9446616,0,0,1,0,0,0,0,0,0,0,0,0,0,0,0,0,0,0,0,0,0,0,0,0,0,0,0,0,0,1,0,0
106,INC2010-022,2010-02-16 08:00:00,Gas,Mixed HVP Hydrocarbons,0.25,56.14669,-120.66454,1,0,0,0,0,0,0,0,0,0,0,0,0,0,0,0,0,0,1,0,0,0,0,0,0,0,0,0,0,0,0,0
169,INC2010-157,2010-12-15 04:00:00,Gas,Natural Gas - Sweet,1.0,44.663897,-63.568182,1,0,0,0,0,0,0,0,0,0,0,0,0,0,0,0,0,0,0,0,1,0,0,0,0,0,0,0,0,0,0,0
555,INC2016-080,2016-07-20 11:25:00,Gas,Natural Gas - Sweet,40.0,50.70313,-111.157945,1,0,0,0,0,0,0,0,0,0,0,0,0,0,0,0,0,0,0,0,1,0,0,0,0,0,0,0,0,0,0,0
109,INC2010-029,2010-02-26 03:00:00,Liquid,Gasoline,30.0,45.624393,-73.639169,0,1,0,0,0,0,0,0,0,0,0,0,0,1,0,0,0,0,0,0,0,0,0,0,0,0,0,0,0,0,0,0
612,INC2017-102,2017-05-30 10:30:00,Liquid,Crude Oil - Synthetic,12.8,53.544231,-113.349269,0,1,0,0,0,0,0,0,0,1,0,0,0,0,0,0,0,0,0,0,0,0,0,0,0,0,0,0,0,0,0,0
51,INC2009-040,2009-05-06 10:00:00,Liquid,Crude Oil - Sweet,305.0,49.26849,-122.93134,0,1,0,0,0,0,0,0,1,0,0,0,0,0,0,0,0,0,0,0,0,0,0,0,0,0,0,0,0,0,0,0
97,INC2009-137,2009-12-11 01:30:00,Gas,Natural Gas - Sweet,69.0,45.37081,-74.12582,1,0,0,0,0,0,0,0,0,0,0,0,0,0,0,0,0,0,0,0,1,0,0,0,0,0,0,0,0,0,0,0
585,INC2017-007,2017-01-17 03:00:00,Gas,Natural Gas - Sour,22.3,55.571667,-121.94,1,0,0,0,0,0,0,0,0,0,0,0,0,0,0,0,0,0,0,1,0,0,0,0,0,0,0,0,0,0,0,0
498,INC2015-091,2015-08-16 06:00:00,Gas,Natural Gas - Sour,164.0,55.57,-121.94,1,0,0,0,0,0,0,0,0,0,0,0,0,0,0,0,0,0,0,1,0,0,0,0,0,0,0,0,0,0,0,0
618,INC2017-101,2017-07-13 04:00:00,Gas,Natural Gas - Sour,300.0,56.14630285,-120.6691693,1,0,0,0,0,0,0,0,0,0,0,0,0,0,0,0,0,0,0,1,0,0,0,0,0,0,0,0,0,0,0,0
100,INC2010-001,2010-01-04 07:28:00,Gas,Natural Gas - Sweet,125000.0,56.367553,-119.931713,1,0,0,0,0,0,0,0,0,0,0,0,0,0,0,0,0,0,0,0,1,0,0,0,0,0,0,0,0,0,0,0
445,INC2014-130,2014-10-18 10:30:00,Miscellaneous,Hydrogen Sulphide,0.0003,55.56909171,-121.9446616,0,0,1,0,0,0,0,0,0,0,0,0,0,0,0,1,0,0,0,0,0,0,0,0,0,0,0,0,0,0,0,0
184,INC2011-032,2011-02-23 12:00:00,Gas,Natural Gas - Sweet,3.0,45.3,-62.983333,1,0,0,0,0,0,0,0,0,0,0,0,0,0,0,0,0,0,0,0,1,0,0,0,0,0,0,0,0,0,0,0
604,INC2017-057,2017-05-01 09:10:00,Miscellaneous,Hydrogen Sulphide,0.06,56.14630285,-120.6691693,0,0,1,0,0,0,0,0,0,0,0,0,0,0,0,1,0,0,0,0,0,0,0,0,0,0,0,0,0,0,0,0
401,INC2014-017,2014-01-22 10:24:00,Liquid,Crude Oil - Sweet,17.0,53.5990003,-115.451183,0,1,0,0,0,0,0,0,1,0,0,0,0,0,0,0,0,0,0,0,0,0,0,0,0,0,0,0,0,0,0,0
47,INC2009-035,2009-04-19 10:15:00,Miscellaneous,Sulphur,0.004,58.65325,-122.68501,0,0,1,0,0,0,0,0,0,0,0,0,0,0,0,0,0,0,0,0,0,0,0,0,0,0,0,0,1,0,0,0
601,INC2017-052,2017-04-08 12:45:00,Gas,Natural Gas - Sour,7327.0,55.57343158,-121.9438193,1,0,0,0,0,0,0,0,0,0,0,0,0,0,0,0,0,0,0,1,0,0,0,0,0,0,0,0,0,0,0,0
231,INC2011-158,2011-10-12 12:30:00,Gas,Propane,0.0005,64.65833,-124.83612,1,0,0,0,0,0,0,0,0,0,0,0,0,0,0,0,0,0,0,0,0,0,0,0,0,0,1,0,0,0,0,0
182,INC2011-029,2011-02-19 11:30:00,Gas,Natural Gas - Sweet,2790000.0,49.58894444,-87.9718889,1,0,0,0,0,0,0,0,0,0,0,0,0,0,0,0,0,0,0,0,1,0,0,0,0,0,0,0,0,0,0,0
531,INC2016-006,2016-01-05 12:15:00,Miscellaneous,Contaminated Water,2.9,58.65324554,-122.6848231,0,0,1,0,0,0,1,0,0,0,0,0,0,0,0,0,0,0,0,0,0,0,0,0,0,0,0,0,0,0,0,0
394,INC2014-007,2014-01-11 12:01:00,Gas,Propane,1.78,55.793058,-120.52672,1,0,0,0,0,0,0,0,0,0,0,0,0,0,0,0,0,0,0,0,0,0,0,0,0,0,1,0,0,0,0,0
687,INC2018-166,2018-11-23 09:30:00,Gas,Propane,0.0001,50.038132,-99.623821,1,0,0,0,0,0,0,0,0,0,0,0,0,0,0,0,0,0,0,0,0,0,0,0,0,0,1,0,0,0,0,0
206,INC2011-085,2011-05-11 12:00:00,Gas,Natural Gas - Sweet,2.0,49.30721,-114.015,1,0,0,0,0,0,0,0,0,0,0,0,0,0,0,0,0,0,0,0,1,0,0,0,0,0,0,0,0,0,0,0
610,INC2017-075,2017-05-29 12:00:00,Gas,Natural Gas - Sweet,1.0,53.01993,-112.18718,1,0,0,0,0,0,0,0,0,0,0,0,0,0,0,0,0,0,0,0,1,0,0,0,0,0,0,0,0,0,0,0
660,INC2018-008,2018-01-19 09:30:00,Gas,Natural Gas - Sour,60.0,55.79305809,-120.5231165,1,0,0,0,0,0,0,0,0,0,0,0,0,0,0,0,0,0,0,1,0,0,0,0,0,0,0,0,0,0,0,0
488,INC2015-073,2015-06-27 09:30:00,Liquid,Crude Oil - Sweet,16.0,52.63471,-111.2641,0,1,0,0,0,0,0,0,1,0,0,0,0,0,0,0,0,0,0,0,0,0,0,0,0,0,0,0,0,0,0,0
439,INC2014-106,2014-08-13 05:00:00,Gas,Natural Gas Liquids,0.0001,53.547403,-113.355714,1,0,0,0,0,0,0,0,0,0,0,0,0,0,0,0,0,0,0,0,0,1,0,0,0,0,0,0,0,0,0,0
423,INC2014-068,2014-05-05 10:00:00,Gas,Natural Gas - Sweet,30.0,44.665206,-63.567743,1,0,0,0,0,0,0,0,0,0,0,0,0,0,0,0,0,0,0,0,1,0,0,0,0,0,0,0,0,0,0,0
704,INC2019-092,2019-08-17 03:00:00,Miscellaneous,Drilling Fluid,74.0,52.0652,-119.31508,0,0,1,0,0,0,0,0,0,0,0,1,0,0,0,0,0,0,0,0,0,0,0,0,0,0,0,0,0,0,0,0
432,INC2014-084,2014-06-11 09:45:00,Gas,Natural Gas - Sweet,0.0001,55.24345,-119.69047,1,0,0,0,0,0,0,0,0,0,0,0,0,0,0,0,0,0,0,0,1,0,0,0,0,0,0,0,0,0,0,0
309,INC2012-149,2012-10-29 12:00:00,Liquid,Crude Oil - Sour,7.44,42.95261,-82.37433,0,1,0,0,0,0,0,1,0,0,0,0,0,0,0,0,0,0,0,0,0,0,0,0,0,0,0,0,0,0,0,0
0,INC2008-001,2008-01-02 11:30:00,Liquid,Crude Oil - Sweet,8.0,49.73135,-101.23557,0,1,0,0,0,0,0,0,1,0,0,0,0,0,0,0,0,0,0,0,0,0,0,0,0,0,0,0,0,0,0,0
574,INC2016-124,2016-10-19 10:48:00,Gas,Natural Gas - Sweet,529960.0,56.47138904,-122.1137089,1,0,0,0,0,0,0,0,0,0,0,0,0,0,0,0,0,0,0,0,1,0,0,0,0,0,0,0,0,0,0,0
647,INC2017-190,2017-11-25 11:24:00,Gas,Natural Gas - Sweet,18181.0,49.95917767,-120.9160278,1,0,0,0,0,0,0,0,0,0,0,0,0,0,0,0,0,0,0,0,1,0,0,0,0,0,0,0,0,0,0,0
549,INC2016-050,2016-05-17 11:25:00,Gas,Natural Gas - Sour,39.7,56.14410425,-120.404,1,0,0,0,0,0,0,0,0,0,0,0,0,0,0,0,0,0,0,1,0,0,0,0,0,0,0,0,0,0,0,0
559,INC2016-087,2016-08-06 01:00:00,Gas,Natural Gas - Sweet,30.0,45.25124,-66.09725,1,0,0,0,0,0,0,0,0,0,0,0,0,0,0,0,0,0,0,0,1,0,0,0,0,0,0,0,0,0,0,0
694,INC2019-013,2019-01-26 01:10:00,Gas,Natural Gas - Sweet,0.13,54.09446953,-113.2313181,1,0,0,0,0,0,0,0,0,0,0,0,0,0,0,0,0,0,0,0,1,0,0,0,0,0,0,0,0,0,0,0
458,INC2015-001,2015-01-08 05:30:00,Gas,Natural Gas - Sweet,1.0,45.2022834,-66.6866022,1,0,0,0,0,0,0,0,0,0,0,0,0,0,0,0,0,0,0,0,1,0,0,0,0,0,0,0,0,0,0,0
396,INC2014-008,2014-01-12 12:00:00,Gas,Natural Gas - Sweet,1.0,51.911918,-113.664358,1,0,0,0,0,0,0,0,0,0,0,0,0,0,0,0,0,0,0,0,1,0,0,0,0,0,0,0,0,0,0,0
589,INC2017-018,2017-01-30 01:35:00,Gas,Natural Gas - Sweet,0.001,45.28,-66.0,1,0,0,0,0,0,0,0,0,0,0,0,0,0,0,0,0,0,0,0,1,0,0,0,0,0,0,0,0,0,0,0
633,INC2017-170,2017-10-22 03:15:00,Gas,Natural Gas - Sweet,6474.0,53.83523,-111.33383,1,0,0,0,0,0,0,0,0,0,0,0,0,0,0,0,0,0,0,0,1,0,0,0,0,0,0,0,0,0,0,0
514,INC2015-121,2015-10-26 03:30:00,Gas,Natural Gas - Sweet,1.22,54.830122,-118.645459,1,0,0,0,0,0,0,0,0,0,0,0,0,0,0,0,0,0,0,0,1,0,0,0,0,0,0,0,0,0,0,0
61,INC2009-058,2009-07-04 09:04:00,Gas,Natural Gas - Sweet,17000.0,51.728528,-111.6805,1,0,0,0,0,0,0,0,0,0,0,0,0,0,0,0,0,0,0,0,1,0,0,0,0,0,0,0,0,0,0,0
173,INC2011-008,2011-01-18 08:30:00,Gas,Natural Gas - Sweet,1000.0,43.96,-78.81941,1,0,0,0,0,0,0,0,0,0,0,0,0,0,0,0,0,0,0,0,1,0,0,0,0,0,0,0,0,0,0,0
550,INC2016-055,2016-05-31 12:00:00,Gas,Natural Gas - Sour,1.0,57.2213,-120.3812,1,0,0,0,0,0,0,0,0,0,0,0,0,0,0,0,0,0,0,1,0,0,0,0,0,0,0,0,0,0,0,0
474,INC2015-042,2015-04-13 04:00:00,Miscellaneous,Water,268.0,56.1463,-120.66917,0,0,1,0,0,0,0,0,0,0,0,0,0,0,0,0,0,0,0,0,0,0,0,0,0,0,0,0,0,0,0,1
722,INC2020-065,2020-06-24 10:30:00,Gas,Natural Gas - Sweet,4.05,55.7041176,-121.6282676,1,0,0,0,0,0,0,0,0,0,0,0,0,0,0,0,0,0,0,0,1,0,0,0,0,0,0,0,0,0,0,0
665,INC2018-018,2018-02-19 08:00:00,Gas,Natural Gas - Sweet,253.27,46.37976553,-79.46897152,1,0,0,0,0,0,0,0,0,0,0,0,0,0,0,0,0,0,0,0,1,0,0,0,0,0,0,0,0,0,0,0
177,INC2011-013,2011-02-01 05:00:00,Gas,Propane,37.0,56.14642,-120.66907,1,0,0,0,0,0,0,0,0,0,0,0,0,0,0,0,0,0,0,0,0,0,0,0,0,0,1,0,0,0,0,0
191,INC2011-048,2011-03-24 09:58:00,Gas,Natural Gas - Sweet,170.0,49.9746,-103.6528,1,0,0,0,0,0,0,0,0,0,0,0,0,0,0,0,0,0,0,0,1,0,0,0,0,0,0,0,0,0,0,0
357,INC2013-110,2013-06-21 09:28:00,Gas,Natural Gas - Sour,20500.0,58.653246,-122.684823,1,0,0,0,0,0,0,0,0,0,0,0,0,0,0,0,0,0,0,1,0,0,0,0,0,0,0,0,0,0,0,0
407,INC2014-044,2014-03-15 03:00:00,Liquid,Crude Oil - Sweet,1.75,49.450607,-103.338728,0,1,0,0,0,0,0,0,1,0,0,0,0,0,0,0,0,0,0,0,0,0,0,0,0,0,0,0,0,0,0,0
40,INC2009-015,2009-02-20 09:00:00,Gas,Natural Gas - Sour,0.0001,56.72686,-121.81832,1,0,0,0,0,0,0,0,0,0,0,0,0,0,0,0,0,0,0,1,0,0,0,0,0,0,0,0,0,0,0,0
653,INC2017-198,2017-12-12 04:30:00,Gas,Propane,0.94,56.145647,-120.671581,1,0,0,0,0,0,0,0,0,0,0,0,0,0,0,0,0,0,0,0,0,0,0,0,0,0,1,0,0,0,0,0
562,INC2016-109,2016-08-25 03:30:00,Gas,Natural Gas - Sweet,113.55,55.55101914,-122.4538759,1,0,0,0,0,0,0,0,0,0,0,0,0,0,0,0,0,0,0,0,1,0,0,0,0,0,0,0,0,0,0,0
350,INC2013-088,2013-06-10 11:00:00,Gas,Natural Gas - Sweet,0.3,45.279238,-66.006686,1,0,0,0,0,0,0,0,0,0,0,0,0,0,0,0,0,0,0,0,1,0,0,0,0,0,0,0,0,0,0,0
466,INC2015-023,2015-03-03 09:14:00,Gas,Natural Gas Liquids,0.015,49.539039,-99.288393,1,0,0,0,0,0,0,0,0,0,0,0,0,0,0,0,0,0,0,0,0,1,0,0,0,0,0,0,0,0,0,0
693,INC2019-008,2019-01-15 02:15:00,Gas,Natural Gas - Sweet,2866.0,56.37079958,-119.9226624,1,0,0,0,0,0,0,0,0,0,0,0,0,0,0,0,0,0,0,0,1,0,0,0,0,0,0,0,0,0,0,0
533,INC2016-018,2016-02-03 04:04:00,Gas,Natural Gas - Sour,853.0,56.146137,-120.670787,1,0,0,0,0,0,0,0,0,0,0,0,0,0,0,0,0,0,0,1,0,0,0,0,0,0,0,0,0,0,0,0
80,INC2009-106,2009-09-22 02:08:00,Gas,Natural Gas - Sour,68.0,56.14625,-120.66917,1,0,0,0,0,0,0,0,0,0,0,0,0,0,0,0,0,0,0,1,0,0,0,0,0,0,0,0,0,0,0,0
692,INC2019-001,2019-01-01 08:00:00,Gas,Natural Gas - Sweet,735.8,56.14630285,-120.6691693,1,0,0,0,0,0,0,0,0,0,0,0,0,0,0,0,0,0,0,0,1,0,0,0,0,0,0,0,0,0,0,0
511,INC2015-114,2015-09-30 06:40:00,Gas,Natural Gas - Sweet,1.0,49.325059,-102.297403,1,0,0,0,0,0,0,0,0,0,0,0,0,0,0,0,0,0,0,0,1,0,0,0,0,0,0,0,0,0,0,0
382,INC2013-155,2013-11-16 04:30:00,Gas,Natural Gas - Sweet,500.0,45.273315,-66.063308,1,0,0,0,0,0,0,0,0,0,0,0,0,0,0,0,0,0,0,0,1,0,0,0,0,0,0,0,0,0,0,0
453,INC2014-147,2014-12-03 08:07:00,Gas,Natural Gas - Sweet,0.01,53.032311,-111.221031,1,0,0,0,0,0,0,0,0,0,0,0,0,0,0,0,0,0,0,0,1,0,0,0,0,0,0,0,0,0,0,0
599,INC2017-043,2017-03-20 03:45:00,Liquid,Crude Oil - Synthetic,10.0,53.54740268,-113.3557137,0,1,0,0,0,0,0,0,0,1,0,0,0,0,0,0,0,0,0,0,0,0,0,0,0,0,0,0,0,0,0,0
711,INC2020-002,2020-01-14 01:15:00,Liquid,Crude Oil - Sweet,29.0,50.48066052,-105.867038,0,1,0,0,0,0,0,0,1,0,0,0,0,0,0,0,0,0,0,0,0,0,0,0,0,0,0,0,0,0,0,0
403,INC2014-031,2014-02-16 07:45:00,Liquid,Crude Oil - Sweet,5.0,53.547403,-113.355714,0,1,0,0,0,0,0,0,1,0,0,0,0,0,0,0,0,0,0,0,0,0,0,0,0,0,0,0,0,0,0,0
125,INC2010-061,2010-06-22 12:00:00,Liquid,Crude Oil - Sour,25.0,52.13984,-109.80493,0,1,0,0,0,0,0,1,0,0,0,0,0,0,0,0,0,0,0,0,0,0,0,0,0,0,0,0,0,0,0,0
602,INC2017-053,2017-04-15 05:45:00,Liquid,Lube Oil,1.75,50.69834843,-111.5306333,0,1,0,0,0,0,0,0,0,0,0,0,0,0,0,0,0,1,0,0,0,0,0,0,0,0,0,0,0,0,0,0
564,INC2016-103,2016-08-26 02:18:00,Liquid,Lube Oil,1.5,50.696946,-111.53471,0,1,0,0,0,0,0,0,0,0,0,0,0,0,0,0,0,1,0,0,0,0,0,0,0,0,0,0,0,0,0,0
538,INC2016-023,2016-02-12 02:00:00,Gas,Natural Gas - Sweet,0.5,44.6777652,-63.5970225,1,0,0,0,0,0,0,0,0,0,0,0,0,0,0,0,0,0,0,0,1,0,0,0,0,0,0,0,0,0,0,0
646,INC2017-189,2017-11-21 08:00:00,Gas,Natural Gas - Sweet,2.05,55.78756,-120.53231,1,0,0,0,0,0,0,0,0,0,0,0,0,0,0,0,0,0,0,0,1,0,0,0,0,0,0,0,0,0,0,0
716,INC2020-036,2020-04-09 10:15:00,Gas,Natural Gas - Sweet,9100.0,53.77239,-116.91948,1,0,0,0,0,0,0,0,0,0,0,0,0,0,0,0,0,0,0,0,1,0,0,0,0,0,0,0,0,0,0,0
484,INC2015-063,2015-05-25 01:30:00,Gas,Propane,2.0,55.79306,-120.52312,1,0,0,0,0,0,0,0,0,0,0,0,0,0,0,0,0,0,0,0,0,0,0,0,0,0,1,0,0,0,0,0
710,INC2019-124,2019-11-13 11:38:00,Liquid,Crude Oil - Sweet,6.0,52.641861660000004,-111.2642622,0,1,0,0,0,0,0,0,1,0,0,0,0,0,0,0,0,0,0,0,0,0,0,0,0,0,0,0,0,0,0,0
506,INC2015-108,2015-09-14 12:45:00,Gas,Natural Gas Liquids,0.0001,50.482928,-104.586263,1,0,0,0,0,0,0,0,0,0,0,0,0,0,0,0,0,0,0,0,0,1,0,0,0,0,0,0,0,0,0,0
204,INC2011-073,2011-05-06 03:00:00,Gas,Natural Gas - Sweet,10.0,53.60098,-116.46762,1,0,0,0,0,0,0,0,0,0,0,0,0,0,0,0,0,0,0,0,1,0,0,0,0,0,0,0,0,0,0,0
584,INC2017-001,2017-01-01 11:00:00,Gas,Natural Gas - Sour,201.0,55.33159692,-121.6381581,1,0,0,0,0,0,0,0,0,0,0,0,0,0,0,0,0,0,0,1,0,0,0,0,0,0,0,0,0,0,0,0
479,INC2015-051,2015-05-09 02:25:00,Gas,Butane,262.0,56.146,-120.671,1,0,0,0,1,0,0,0,0,0,0,0,0,0,0,0,0,0,0,0,0,0,0,0,0,0,0,0,0,0,0,0
652,INC2017-196,2017-12-09 11:10:00,Gas,Natural Gas - Sweet,835.91,52.72947567,-122.4419765,1,0,0,0,0,0,0,0,0,0,0,0,0,0,0,0,0,0,0,0,1,0,0,0,0,0,0,0,0,0,0,0
587,INC2017-010,2017-01-26 04:30:00,Miscellaneous,Sulphur,0.4,55.56909171,-121.9446616,0,0,1,0,0,0,0,0,0,0,0,0,0,0,0,0,0,0,0,0,0,0,0,0,0,0,0,0,1,0,0,0
613,INC2017-076,2017-06-10 11:05:00,Gas,Natural Gas - Sweet,1995.0,45.603401,-73.861893,1,0,0,0,0,0,0,0,0,0,0,0,0,0,0,0,0,0,0,0,1,0,0,0,0,0,0,0,0,0,0,0
505,INC2015-107,2015-09-13 03:06:00,Gas,Natural Gas - Sweet,9744.0,53.195074,-111.90868,1,0,0,0,0,0,0,0,0,0,0,0,0,0,0,0,0,0,0,0,1,0,0,0,0,0,0,0,0,0,0,0
493,INC2015-082,2015-07-10 12:00:00,Miscellaneous,Sulphur,1.8,55.56909171,-121.9446616,0,0,1,0,0,0,0,0,0,0,0,0,0,0,0,0,0,0,0,0,0,0,0,0,0,0,0,0,1,0,0,0
406,INC2014-043,2014-03-14 01:32:00,Gas,Natural Gas - Sweet,0.001,52.635343,-111.267485,1,0,0,0,0,0,0,0,0,0,0,0,0,0,0,0,0,0,0,0,1,0,0,0,0,0,0,0,0,0,0,0
213,INC2011-094,2011-06-16 08:55:00,Gas,Natural Gas - Sweet,0.0001,56.254,-120.716,1,0,0,0,0,0,0,0,0,0,0,0,0,0,0,0,0,0,0,0,1,0,0,0,0,0,0,0,0,0,0,0
138,INC2010-096,2010-09-06 12:20:00,Gas,Natural Gas - Sweet,3.0,51.50897,-113.86985,1,0,0,0,0,0,0,0,0,0,0,0,0,0,0,0,0,0,0,0,1,0,0,0,0,0,0,0,0,0,0,0
541,INC2016-028,2016-03-23 04:00:00,Gas,Natural Gas - Sweet,1.0,45.8618104,-66.5829674,1,0,0,0,0,0,0,0,0,0,0,0,0,0,0,0,0,0,0,0,1,0,0,0,0,0,0,0,0,0,0,0
598,INC2017-042,2017-03-18 10:46:00,Gas,Natural Gas - Sweet,26278.0336,55.649905,-122.207216,1,0,0,0,0,0,0,0,0,0,0,0,0,0,0,0,0,0,0,0,1,0,0,0,0,0,0,0,0,0,0,0
596,INC2017-036,2017-03-06 01:00:00,Gas,Natural Gas Liquids,0.001,55.94382999,-120.19327,1,0,0,0,0,0,0,0,0,0,0,0,0,0,0,0,0,0,0,0,0,1,0,0,0,0,0,0,0,0,0,0
542,INC2016-033,2016-03-29 03:45:00,Gas,Natural Gas - Sweet,913.0,56.83,-120.404,1,0,0,0,0,0,0,0,0,0,0,0,0,0,0,0,0,0,0,0,1,0,0,0,0,0,0,0,0,0,0,0
597,INC2017-039,2017-03-13 03:00:00,Gas,Natural Gas - Sweet,25000.0,56.36,-119.92,1,0,0,0,0,0,0,0,0,0,0,0,0,0,0,0,0,0,0,0,1,0,0,0,0,0,0,0,0,0,0,0
570,INC2016-118,2016-09-28 02:00:00,Gas,Natural Gas - Sweet,16645.0,52.72947567,-122.4419765,1,0,0,0,0,0,0,0,0,0,0,0,0,0,0,0,0,0,0,0,1,0,0,0,0,0,0,0,0,0,0,0
377,INC2013-146,2013-10-17 04:30:00,Gas,Natural Gas - Sweet,16500000.0,56.514327,-113.679868,1,0,0,0,0,0,0,0,0,0,0,0,0,0,0,0,0,0,0,0,1,0,0,0,0,0,0,0,0,0,0,0
480,INC2015-054,2015-05-10 11:37:00,Gas,Natural Gas - Sweet,1.0,52.640194,-122.447333,1,0,0,0,0,0,0,0,0,0,0,0,0,0,0,0,0,0,0,0,1,0,0,0,0,0,0,0,0,0,0,0
545,INC2016-034,2016-04-05 01:00:00,Gas,Natural Gas - Sweet,716.0,45.17170605,-61.61267605,1,0,0,0,0,0,0,0,0,0,0,0,0,0,0,0,0,0,0,0,1,0,0,0,0,0,0,0,0,0,0,0
607,INC2017-063,2017-05-09 05:00:00,Miscellaneous,Sulphur,0.156,55.56909171,-121.9446616,0,0,1,0,0,0,0,0,0,0,0,0,0,0,0,0,0,0,0,0,0,0,0,0,0,0,0,0,1,0,0,0
105,INC2010-019,2010-02-10 06:00:00,Gas,Natural Gas - Sweet,300.0,45.18676,-66.54595,1,0,0,0,0,0,0,0,0,0,0,0,0,0,0,0,0,0,0,0,1,0,0,0,0,0,0,0,0,0,0,0
649,INC2017-191,2017-11-27 01:30:00,Gas,Natural Gas - Sweet,22272.0,49.95917767,-120.9160278,1,0,0,0,0,0,0,0,0,0,0,0,0,0,0,0,0,0,0,0,1,0,0,0,0,0,0,0,0,0,0,0
608,INC2017-067,2017-05-17 10:20:00,Gas,Natural Gas Liquids,0.001,49.55051633,-106.0029569,1,0,0,0,0,0,0,0,0,0,0,0,0,0,0,0,0,0,0,0,0,1,0,0,0,0,0,0,0,0,0,0
388,INC2013-168,2013-12-05 01:00:00,Gas,Natural Gas - Sweet,0.017,49.7951,-92.762674,1,0,0,0,0,0,0,0,0,0,0,0,0,0,0,0,0,0,0,0,1,0,0,0,0,0,0,0,0,0,0,0
35,INC2008-113,2008-11-30 08:45:00,Miscellaneous,Glycol,2.0,55.5692,-121.94446,0,0,1,0,0,0,0,0,0,0,0,0,0,0,1,0,0,0,0,0,0,0,0,0,0,0,0,0,0,0,0,0
21,INC2008-072,2008-07-09 12:00:00,Gas,Natural Gas - Sweet,800.0,49.31834,-102.28983,1,0,0,0,0,0,0,0,0,0,0,0,0,0,0,0,0,0,0,0,1,0,0,0,0,0,0,0,0,0,0,0
580,INC2016-146,2016-12-14 07:00:00,Gas,Natural Gas - Sweet,0.1,49.75034152,-84.13337202,1,0,0,0,0,0,0,0,0,0,0,0,0,0,0,0,0,0,0,0,1,0,0,0,0,0,0,0,0,0,0,0
166,INC2010-153,2010-12-08 05:00:00,Gas,Natural Gas - Sweet,2.8,50.39316667,-104.4093611,1,0,0,0,0,0,0,0,0,0,0,0,0,0,0,0,0,0,0,0,1,0,0,0,0,0,0,0,0,0,0,0
473,INC2015-036,2015-04-07 06:20:00,Gas,Natural Gas - Sweet,1.0,49.78942,-92.76552,1,0,0,0,0,0,0,0,0,0,0,0,0,0,0,0,0,0,0,0,1,0,0,0,0,0,0,0,0,0,0,0
717,INC2020-039,2020-04-23 08:00:00,Gas,Natural Gas - Sweet,129636.35,54.48310727,-118.0999325,1,0,0,0,0,0,0,0,0,0,0,0,0,0,0,0,0,0,0,0,1,0,0,0,0,0,0,0,0,0,0,0
593,INC2017-027,2017-02-21 05:00:00,Gas,Natural Gas - Sweet,5798.4,56.14410425,-120.6639331,1,0,0,0,0,0,0,0,0,0,0,0,0,0,0,0,0,0,0,0,1,0,0,0,0,0,0,0,0,0,0,0
455,INC2014-153,2014-12-16 10:42:00,Liquid,Crude Oil - Sweet,173.6,50.482408,-104.575209,0,1,0,0,0,0,0,0,1,0,0,0,0,0,0,0,0,0,0,0,0,0,0,0,0,0,0,0,0,0,0,0
328,INC2013-016,2013-02-01 12:30:00,Gas,Natural Gas - Sweet,1000.0,44.375026,-65.031085,1,0,0,0,0,0,0,0,0,0,0,0,0,0,0,0,0,0,0,0,1,0,0,0,0,0,0,0,0,0,0,0
527,INC2016-015,2015-12-19 03:38:00,Gas,Natural Gas - Sweet,15.23,56.6442,-120.81235,1,0,0,0,0,0,0,0,0,0,0,0,0,0,0,0,0,0,0,0,1,0,0,0,0,0,0,0,0,0,0,0
362,INC2013-111,2013-07-12 09:10:00,Gas,Natural Gas - Sweet,0.0001,45.9627,-66.6432,1,0,0,0,0,0,0,0,0,0,0,0,0,0,0,0,0,0,0,0,1,0,0,0,0,0,0,0,0,0,0,0
719,INC2020-045,2020-04-30 07:55:00,Liquid,Crude Oil - Sweet,50.0,51.64917,-108.21167,0,1,0,0,0,0,0,0,1,0,0,0,0,0,0,0,0,0,0,0,0,0,0,0,0,0,0,0,0,0,0,0
300,INC2012-131,2012-09-26 01:00:00,Gas,Natural Gas - Sweet,10.0,50.0747,-100.00049,1,0,0,0,0,0,0,0,0,0,0,0,0,0,0,0,0,0,0,0,1,0,0,0,0,0,0,0,0,0,0,0
410,INC2014-048,2014-03-27 05:00:00,Gas,Natural Gas - Sweet,1110.0,50.78931,-112.46998,1,0,0,0,0,0,0,0,0,0,0,0,0,0,0,0,0,0,0,0,1,0,0,0,0,0,0,0,0,0,0,0
662,INC2018-012,2018-01-31 12:30:00,Gas,Natural Gas - Sweet,17260.0,53.10047466,-115.3642386,1,0,0,0,0,0,0,0,0,0,0,0,0,0,0,0,0,0,0,0,1,0,0,0,0,0,0,0,0,0,0,0
575,INC2016-125,2016-10-24 04:00:00,Gas,Natural Gas - Sweet,10.0,46.1614081,-65.349648,1,0,0,0,0,0,0,0,0,0,0,0,0,0,0,0,0,0,0,0,1,0,0,0,0,0,0,0,0,0,0,0
582,INC2016-148,2016-12-19 10:00:00,Gas,Natural Gas - Sweet,72.0,58.65324554,-122.6848231,1,0,0,0,0,0,0,0,0,0,0,0,0,0,0,0,0,0,0,0,1,0,0,0,0,0,0,0,0,0,0,0
245,INC2012-003,2012-01-04 12:30:00,Gas,Natural Gas - Sweet,6.0,43.37273,-79.83172,1,0,0,0,0,0,0,0,0,0,0,0,0,0,0,0,0,0,0,0,1,0,0,0,0,0,0,0,0,0,0,0
250,INC2012-016,2012-01-24 08:00:00,Liquid,Crude Oil - Sweet,90.0,49.07801,-122.20215,0,1,0,0,0,0,0,0,1,0,0,0,0,0,0,0,0,0,0,0,0,0,0,0,0,0,0,0,0,0,0,0
642,INC2017-186,2017-11-17 06:15:00,Gas,Natural Gas - Sweet,18337.0,54.67505,-111.98999,1,0,0,0,0,0,0,0,0,0,0,0,0,0,0,0,0,0,0,0,1,0,0,0,0,0,0,0,0,0,0,0
359,INC2013-104,2013-07-02 04:30:00,Liquid,Crude Oil - Sweet,1.59,52.653959,-111.268469,0,1,0,0,0,0,0,0,1,0,0,0,0,0,0,0,0,0,0,0,0,0,0,0,0,0,0,0,0,0,0,0
462,INC2015-016,2015-02-08 02:00:00,Gas,Natural Gas - Sweet,0.06,54.524331,-112.665961,1,0,0,0,0,0,0,0,0,0,0,0,0,0,0,0,0,0,0,0,1,0,0,0,0,0,0,0,0,0,0,0
520,INC2015-133,2015-11-20 03:00:00,Gas,Natural Gas - Sour,0.001,56.393465,-121.3719,1,0,0,0,0,0,0,0,0,0,0,0,0,0,0,0,0,0,0,1,0,0,0,0,0,0,0,0,0,0,0,0
342,INC2013-064,2013-04-18 02:45:00,Liquid,Crude Oil - Sweet,4.0,51.865344,-109.026045,0,1,0,0,0,0,0,0,1,0,0,0,0,0,0,0,0,0,0,0,0,0,0,0,0,0,0,0,0,0,0,0
670,INC2018-035,2018-04-26 10:00:00,Gas,Natural Gas - Sour,6541.0,58.6547225,-122.6857797,1,0,0,0,0,0,0,0,0,0,0,0,0,0,0,0,0,0,0,1,0,0,0,0,0,0,0,0,0,0,0,0
218,INC2011-109,2011-07-19 01:00:00,Gas,Natural Gas - Sweet,113.0,45.37514774,-62.452671,1,0,0,0,0,0,0,0,0,0,0,0,0,0,0,0,0,0,0,0,1,0,0,0,0,0,0,0,0,0,0,0
163,INC2010-147,2010-12-01 08:30:00,Gas,Natural Gas - Sweet,0.5,45.886624,-66.551134,1,0,0,0,0,0,0,0,0,0,0,0,0,0,0,0,0,0,0,0,1,0,0,0,0,0,0,0,0,0,0,0
573,INC2016-121,2016-10-13 11:30:00,Gas,Natural Gas - Sweet,50.0,48.870172,-88.458775,1,0,0,0,0,0,0,0,0,0,0,0,0,0,0,0,0,0,0,0,1,0,0,0,0,0,0,0,0,0,0,0
121,INC2010-055,2010-06-02 08:00:00,Gas,Natural Gas - Sweet,0.1,54.093481,-116.62138,1,0,0,0,0,0,0,0,0,0,0,0,0,0,0,0,0,0,0,0,1,0,0,0,0,0,0,0,0,0,0,0
636,INC2017-175,2017-10-28 12:00:00,Gas,Propane,0.001,50.39,-104.323019,1,0,0,0,0,0,0,0,0,0,0,0,0,0,0,0,0,0,0,0,0,0,0,0,0,0,1,0,0,0,0,0
571,INC2016-119,2016-10-02 05:15:00,Gas,Natural Gas - Sweet,448.0,51.836784,-121.511133,1,0,0,0,0,0,0,0,0,0,0,0,0,0,0,0,0,0,0,0,1,0,0,0,0,0,0,0,0,0,0,0
60,INC2009-055,2009-06-29 09:00:00,Liquid,Crude Oil - Sweet,1.8,44.06958,-77.92945,0,1,0,0,0,0,0,0,1,0,0,0,0,0,0,0,0,0,0,0,0,0,0,0,0,0,0,0,0,0,0,0
600,INC2017-051,2017-04-08 06:00:00,Miscellaneous,Contaminated Water,3.0,58.65432778,-122.6855556,0,0,1,0,0,0,1,0,0,0,0,0,0,0,0,0,0,0,0,0,0,0,0,0,0,0,0,0,0,0,0,0
679,INC2018-068,2018-06-25 03:10:00,Gas,Natural Gas - Sour,199.0,54.892,-120.668,1,0,0,0,0,0,0,0,0,0,0,0,0,0,0,0,0,0,0,1,0,0,0,0,0,0,0,0,0,0,0,0
530,INC2016-001,2016-01-01 10:00:00,Gas,Natural Gas - Sweet,1.21,44.276915,-76.876379,1,0,0,0,0,0,0,0,0,0,0,0,0,0,0,0,0,0,0,0,1,0,0,0,0,0,0,0,0,0,0,0
501,INC2015-100,2015-08-25 08:00:00,Gas,Natural Gas - Sweet,0.01,44.889561,-75.295674,1,0,0,0,0,0,0,0,0,0,0,0,0,0,0,0,0,0,0,0,1,0,0,0,0,0,0,0,0,0,0,0
464,INC2015-020,2015-02-24 07:20:00,Gas,Natural Gas - Sweet,396.0,45.17170605,-61.61267605,1,0,0,0,0,0,0,0,0,0,0,0,0,0,0,0,0,0,0,0,1,0,0,0,0,0,0,0,0,0,0,0
404,INC2014-033,2014-02-18 05:10:00,Gas,Natural Gas - Sweet,30001.0,52.49217,-114.98816,1,0,0,0,0,0,0,0,0,0,0,0,0,0,0,0,0,0,0,0,1,0,0,0,0,0,0,0,0,0,0,0
715,INC2020-017,2020-02-13 05:00:00,Gas,Natural Gas - Sweet,22702.0,52.98812718,-112.1913827,1,0,0,0,0,0,0,0,0,0,0,0,0,0,0,0,0,0,0,0,1,0,0,0,0,0,0,0,0,0,0,0
720,INC2020-050,2020-05-23 04:27:00,Gas,Natural Gas - Sweet,86.0,50.38248,-114.226414,1,0,0,0,0,0,0,0,0,0,0,0,0,0,0,0,0,0,0,0,1,0,0,0,0,0,0,0,0,0,0,0
644,INC2017-184,2017-11-19 10:00:00,Gas,Natural Gas - Sweet,0.01,53.50812123,-122.6078953,1,0,0,0,0,0,0,0,0,0,0,0,0,0,0,0,0,0,0,0,1,0,0,0,0,0,0,0,0,0,0,0
632,INC2017-169,2017-10-18 03:00:00,Gas,Natural Gas - Sweet,10.0,54.63,-118.95,1,0,0,0,0,0,0,0,0,0,0,0,0,0,0,0,0,0,0,0,1,0,0,0,0,0,0,0,0,0,0,0
522,INC2015-135,2015-11-23 05:30:00,Miscellaneous,Sulphur,58.0,58.66,-122.69,0,0,1,0,0,0,0,0,0,0,0,0,0,0,0,0,0,0,0,0,0,0,0,0,0,0,0,0,1,0,0,0
281,INC2012-086,2012-07-10 11:50:00,Gas,Natural Gas - Sweet,5.0,54.83015,-118.64728,1,0,0,0,0,0,0,0,0,0,0,0,0,0,0,0,0,0,0,0,1,0,0,0,0,0,0,0,0,0,0,0
513,INC2015-118,2015-10-15 09:15:00,Liquid,Crude Oil - Sweet,30.0,49.752443,-101.241633,0,1,0,0,0,0,0,0,1,0,0,0,0,0,0,0,0,0,0,0,0,0,0,0,0,0,0,0,0,0,0,0
75,INC2009-095,2009-09-12 01:00:00,Gas,Natural Gas - Sweet,3420000.0,47.912847,-79.987089,1,0,0,0,0,0,0,0,0,0,0,0,0,0,0,0,0,0,0,0,1,0,0,0,0,0,0,0,0,0,0,0
651,INC2017-194,2017-12-05 11:00:00,Gas,Natural Gas - Sweet,7552.0,54.04370807,-117.4205423,1,0,0,0,0,0,0,0,0,0,0,0,0,0,0,0,0,0,0,0,1,0,0,0,0,0,0,0,0,0,0,0
397,INC2014-013,2014-01-15 03:40:00,Gas,Natural Gas - Sweet,190.0,58.653246,-122.684823,1,0,0,0,0,0,0,0,0,0,0,0,0,0,0,0,0,0,0,0,1,0,0,0,0,0,0,0,0,0,0,0
418,INC2014-061,2014-04-24 11:00:00,Gas,Natural Gas - Sweet,0.0001,49.586667,-83.159167,1,0,0,0,0,0,0,0,0,0,0,0,0,0,0,0,0,0,0,0,1,0,0,0,0,0,0,0,0,0,0,0
354,INC2013-094,2013-06-14 12:00:00,Gas,Natural Gas - Sweet,0.3,45.1291,-66.819134,1,0,0,0,0,0,0,0,0,0,0,0,0,0,0,0,0,0,0,0,1,0,0,0,0,0,0,0,0,0,0,0
690,INC2018-183,2018-12-13 01:40:00,Gas,Natural Gas - Sour,55.0,55.572723,-121.940853,1,0,0,0,0,0,0,0,0,0,0,0,0,0,0,0,0,0,0,1,0,0,0,0,0,0,0,0,0,0,0,0
444,INC2014-124,2014-10-02 03:50:00,Miscellaneous,Sulphur,0.382,55.5724,-121.9442,0,0,1,0,0,0,0,0,0,0,0,0,0,0,0,0,0,0,0,0,0,0,0,0,0,0,0,0,1,0,0,0
706,INC2019-109,2019-10-08 07:26:00,Liquid,Crude Oil - Synthetic,8.0,53.54740268,-113.3557137,0,1,0,0,0,0,0,0,0,1,0,0,0,0,0,0,0,0,0,0,0,0,0,0,0,0,0,0,0,0,0,0
481,INC2015-055,2015-05-11 10:30:00,Gas,Natural Gas - Sweet,0.1,49.78942,-92.76552,1,0,0,0,0,0,0,0,0,0,0,0,0,0,0,0,0,0,0,0,1,0,0,0,0,0,0,0,0,0,0,0
641,INC2017-183,2017-11-08 09:30:00,Gas,Natural Gas - Sweet,23758.0,49.95917767,-120.9160278,1,0,0,0,0,0,0,0,0,0,0,0,0,0,0,0,0,0,0,0,1,0,0,0,0,0,0,0,0,0,0,0
617,INC2017-093,2017-07-04 10:00:00,Gas,Natural Gas - Sweet,1.0,49.32403226,-102.2963632,1,0,0,0,0,0,0,0,0,0,0,0,0,0,0,0,0,0,0,0,1,0,0,0,0,0,0,0,0,0,0,0
355,INC2013-097,2013-06-19 11:00:00,Gas,Natural Gas - Sour,0.0001,59.20186,-121.596498,1,0,0,0,0,0,0,0,0,0,0,0,0,0,0,0,0,0,0,1,0,0,0,0,0,0,0,0,0,0,0,0
628,INC2017-161,2017-09-28 05:30:00,Gas,Natural Gas Liquids,0.01,51.875,-109.033,1,0,0,0,0,0,0,0,0,0,0,0,0,0,0,0,0,0,0,0,0,1,0,0,0,0,0,0,0,0,0,0
645,INC2017-188,2017-11-21 03:00:00,Gas,Natural Gas - Sweet,1.0,54.52823203,-118.1594179,1,0,0,0,0,0,0,0,0,0,0,0,0,0,0,0,0,0,0,0,1,0,0,0,0,0,0,0,0,0,0,0
685,INC2018-145,2018-10-14 09:13:00,Gas,Natural Gas - Sweet,10.0,56.37079958,-119.9226624,1,0,0,0,0,0,0,0,0,0,0,0,0,0,0,0,0,0,0,0,1,0,0,0,0,0,0,0,0,0,0,0
207,INC2011-075,2011-05-12 04:15:00,Liquid,Crude Oil - Sweet,4.0,45.72466,-73.69588,0,1,0,0,0,0,0,0,1,0,0,0,0,0,0,0,0,0,0,0,0,0,0,0,0,0,0,0,0,0,0,0
233,INC2011-163,2011-10-19 04:15:00,Gas,Propane,0.001,63.261177,-123.402616,1,0,0,0,0,0,0,0,0,0,0,0,0,0,0,0,0,0,0,0,0,0,0,0,0,0,1,0,0,0,0,0
96,INC2009-134,2009-12-08 01:24:00,Liquid,Condensate,3.0,53.271222,-109.943083,0,1,0,0,0,1,0,0,0,0,0,0,0,0,0,0,0,0,0,0,0,0,0,0,0,0,0,0,0,0,0,0
81,INC2009-105,2009-09-22 09:57:00,Liquid,Crude Oil - Sweet,4.75,49.544443,-99.320678,0,1,0,0,0,0,0,0,1,0,0,0,0,0,0,0,0,0,0,0,0,0,0,0,0,0,0,0,0,0,0,0
460,INC2015-010,2015-01-25 02:45:00,Gas,Natural Gas - Sweet,0.01,49.58574,-83.16674,1,0,0,0,0,0,0,0,0,0,0,0,0,0,0,0,0,0,0,0,1,0,0,0,0,0,0,0,0,0,0,0
68,INC2009-076,2009-08-01 03:52:00,Gas,Natural Gas - Sweet,2.9,53.58571,-116.43392,1,0,0,0,0,0,0,0,0,0,0,0,0,0,0,0,0,0,0,0,1,0,0,0,0,0,0,0,0,0,0,0
547,INC2016-043,2016-05-10 03:30:00,Gas,Natural Gas - Sweet,370.0,54.097121,-112.562914,1,0,0,0,0,0,0,0,0,0,0,0,0,0,0,0,0,0,0,0,1,0,0,0,0,0,0,0,0,0,0,0
154,INC2010-128,2010-11-09 12:00:00,Gas,Natural Gas - Sweet,1.0,54.67993889,-118.9943333,1,0,0,0,0,0,0,0,0,0,0,0,0,0,0,0,0,0,0,0,1,0,0,0,0,0,0,0,0,0,0,0
380,INC2013-152,2013-10-29 10:00:00,Gas,Natural Gas - Sweet,5.7,45.273315,-66.063308,1,0,0,0,0,0,0,0,0,0,0,0,0,0,0,0,0,0,0,0,1,0,0,0,0,0,0,0,0,0,0,0
282,INC2012-092,2012-07-16 02:15:00,Miscellaneous,Pulp slurry,10.0,47.35983,-68.32515,0,0,1,0,0,0,0,0,0,0,0,0,0,0,0,0,0,0,0,0,0,0,0,0,0,0,0,1,0,0,0,0
405,INC2014-042,2014-03-12 09:00:00,Gas,Natural Gas - Sweet,500.0,45.25073225,-66.0979223,1,0,0,0,0,0,0,0,0,0,0,0,0,0,0,0,0,0,0,0,1,0,0,0,0,0,0,0,0,0,0,0
392,INC2014-004,2014-01-06 12:00:00,Miscellaneous,Hydrogen Sulphide,0.3,55.569092,-121.944662,0,0,1,0,0,0,0,0,0,0,0,0,0,0,0,1,0,0,0,0,0,0,0,0,0,0,0,0,0,0,0,0
521,INC2015-136,2015-11-23 01:00:00,Miscellaneous,Sulphur,0.075,55.56909171,-121.9446616,0,0,1,0,0,0,0,0,0,0,0,0,0,0,0,0,0,0,0,0,0,0,0,0,0,0,0,0,1,0,0,0
683,INC2018-136,2018-10-05 09:43:00,Gas,Natural Gas - Sweet,25195.0,47.919398,-79.992348,1,0,0,0,0,0,0,0,0,0,0,0,0,0,0,0,0,0,0,0,1,0,0,0,0,0,0,0,0,0,0,0
149,INC2010-114,2010-10-15 11:00:00,Liquid,Crude Oil - Sweet,17.5,42.83421028,-80.0417111,0,1,0,0,0,0,0,0,1,0,0,0,0,0,0,0,0,0,0,0,0,0,0,0,0,0,0,0,0,0,0,0
129,INC2010-074,2010-07-10 10:00:00,Gas,Natural Gas - Sweet,3300.0,48.94621,-80.99467,1,0,0,0,0,0,0,0,0,0,0,0,0,0,0,0,0,0,0,0,1,0,0,0,0,0,0,0,0,0,0,0
657,INC2018-001,2018-01-08 10:00:00,Gas,Natural Gas - Sweet,0.01,47.96083302,-80.01609001,1,0,0,0,0,0,0,0,0,0,0,0,0,0,0,0,0,0,0,0,1,0,0,0,0,0,0,0,0,0,0,0
241,INC2011-183,2011-12-13 04:00:00,Liquid,Crude Oil - Sweet,2.0,49.28813,-102.63736,0,1,0,0,0,0,0,0,1,0,0,0,0,0,0,0,0,0,0,0,0,0,0,0,0,0,0,0,0,0,0,0
41,INC2009-019,2009-03-04 04:20:00,Liquid,Lube Oil,2.5,49.91175,-98.51757,0,1,0,0,0,0,0,0,0,0,0,0,0,0,0,0,0,1,0,0,0,0,0,0,0,0,0,0,0,0,0,0
269,INC2012-063,2012-05-13 11:30:00,Gas,Natural Gas - Sweet,200.0,48.41782,-80.33662,1,0,0,0,0,0,0,0,0,0,0,0,0,0,0,0,0,0,0,0,1,0,0,0,0,0,0,0,0,0,0,0
433,INC2014-089,2014-06-18 01:30:00,Gas,Natural Gas - Sweet,0.001,49.80158,-86.7605,1,0,0,0,0,0,0,0,0,0,0,0,0,0,0,0,0,0,0,0,1,0,0,0,0,0,0,0,0,0,0,0
179,INC2011-016,2011-02-01 08:00:00,Gas,Natural Gas - Sweet,2.0,49.017155,-107.831853,1,0,0,0,0,0,0,0,0,0,0,0,0,0,0,0,0,0,0,0,1,0,0,0,0,0,0,0,0,0,0,0
523,INC2015-138,2015-11-26 11:22:00,Miscellaneous,Amine,2000.0,55.571824,-121.942698,0,0,1,1,0,0,0,0,0,0,0,0,0,0,0,0,0,0,0,0,0,0,0,0,0,0,0,0,0,0,0,0
192,INC2011-053,2011-03-31 09:00:00,Gas,Natural Gas - Sweet,1000.0,49.29513,-88.10109,1,0,0,0,0,0,0,0,0,0,0,0,0,0,0,0,0,0,0,0,1,0,0,0,0,0,0,0,0,0,0,0
698,INC2019-046,2019-04-26 04:45:00,Miscellaneous,Water,0.3,47.36,-68.33,0,0,1,0,0,0,0,0,0,0,0,0,0,0,0,0,0,0,0,0,0,0,0,0,0,0,0,0,0,0,0,1
504,INC2015-105,2015-09-09 10:30:00,Gas,Natural Gas - Sweet,198.0,45.177234,-61.62299574,1,0,0,0,0,0,0,0,0,0,0,0,0,0,0,0,0,0,0,0,1,0,0,0,0,0,0,0,0,0,0,0
202,INC2011-066,2011-04-26 03:45:00,Gas,Natural Gas - Sour,1300.0,55.28501,-121.65768,1,0,0,0,0,0,0,0,0,0,0,0,0,0,0,0,0,0,0,1,0,0,0,0,0,0,0,0,0,0,0,0
452,INC2014-149,2014-12-03 07:05:00,Miscellaneous,Sulphur Dioxide,3175.0,55.56909171,-121.9446616,0,0,1,0,0,0,0,0,0,0,0,0,0,0,0,0,0,0,0,0,0,0,0,0,0,0,0,0,0,1,0,0
705,INC2019-098,2019-09-01 03:30:00,Liquid,Crude Oil - Sweet,50.0,50.07461053,-100.0003615,0,1,0,0,0,0,0,0,1,0,0,0,0,0,0,0,0,0,0,0,0,0,0,0,0,0,0,0,0,0,0,0
442,INC2014-121,2014-09-22 09:30:00,Gas,Natural Gas - Sweet,0.3,45.461,-66.99757,1,0,0,0,0,0,0,0,0,0,0,0,0,0,0,0,0,0,0,0,1,0,0,0,0,0,0,0,0,0,0,0
697,INC2019-041,2019-04-16 02:00:00,Gas,Natural Gas - Sweet,192183.49,53.381576,-115.615938,1,0,0,0,0,0,0,0,0,0,0,0,0,0,0,0,0,0,0,0,1,0,0,0,0,0,0,0,0,0,0,0
528,INC2015-150,2015-12-22 10:00:00,Miscellaneous,Water,32.0,56.146082,-120.673492,0,0,1,0,0,0,0,0,0,0,0,0,0,0,0,0,0,0,0,0,0,0,0,0,0,0,0,0,0,0,0,1
515,INC2015-122,2015-10-27 09:30:00,Liquid,Crude Oil - Sweet,4.0,50.481964,-104.568289,0,1,0,0,0,0,0,0,1,0,0,0,0,0,0,0,0,0,0,0,0,0,0,0,0,0,0,0,0,0,0,0
434,INC2014-091,2014-06-20 12:00:00,Gas,Natural Gas - Sweet,40.0,49.80132,-86.7603,1,0,0,0,0,0,0,0,0,0,0,0,0,0,0,0,0,0,0,0,1,0,0,0,0,0,0,0,0,0,0,0
65,INC2009-066,2009-07-20 11:02:00,Gas,Natural Gas - Sweet,1450000.0,58.208389,-118.501722,1,0,0,0,0,0,0,0,0,0,0,0,0,0,0,0,0,0,0,0,1,0,0,0,0,0,0,0,0,0,0,0
512,INC2015-115,2015-10-08 06:00:00,Gas,Natural Gas - Sweet,1.0,49.325059,-102.297403,1,0,0,0,0,0,0,0,0,0,0,0,0,0,0,0,0,0,0,0,1,0,0,0,0,0,0,0,0,0,0,0
487,INC2015-070,2015-06-16 08:00:00,Gas,Natural Gas - Sweet,1.0,50.2520045,-104.408497,1,0,0,0,0,0,0,0,0,0,0,0,0,0,0,0,0,0,0,0,1,0,0,0,0,0,0,0,0,0,0,0
609,INC2017-071,2017-05-26 10:45:00,Gas,Natural Gas - Sour,5.0,56.751823,-121.6811426,1,0,0,0,0,0,0,0,0,0,0,0,0,0,0,0,0,0,0,1,0,0,0,0,0,0,0,0,0,0,0,0
478,INC2015-049,2015-05-06 08:10:00,Gas,Natural Gas - Sweet,0.1,55.81518,-119.36579,1,0,0,0,0,0,0,0,0,0,0,0,0,0,0,0,0,0,0,0,1,0,0,0,0,0,0,0,0,0,0,0
666,INC2018-026,2018-04-03 06:50:00,Liquid,Diesel Fuel,5.0,53.543,-113.354,0,1,0,0,0,0,0,0,0,0,1,0,0,0,0,0,0,0,0,0,0,0,0,0,0,0,0,0,0,0,0,0
70,INC2009-086,2009-08-31 04:00:00,Gas,Natural Gas - Sweet,0.5,51.66911,-111.89811,1,0,0,0,0,0,0,0,0,0,0,0,0,0,0,0,0,0,0,0,1,0,0,0,0,0,0,0,0,0,0,0
663,INC2018-015,2018-02-02 03:14:00,Gas,Natural Gas - Sweet,3249.3,59.20209027,-121.5830377,1,0,0,0,0,0,0,0,0,0,0,0,0,0,0,0,0,0,0,0,1,0,0,0,0,0,0,0,0,0,0,0
621,INC2017-110,2017-07-26 10:00:00,Gas,Natural Gas Liquids,0.001,50.62028,-105.24194,1,0,0,0,0,0,0,0,0,0,0,0,0,0,0,0,0,0,0,0,0,1,0,0,0,0,0,0,0,0,0,0
696,INC2019-029,2019-02-28 03:30:00,Miscellaneous,Water,2.0,47.3614398,-68.3284301,0,0,1,0,0,0,0,0,0,0,0,0,0,0,0,0,0,0,0,0,0,0,0,0,0,0,0,0,0,0,0,1
497,INC2015-093,2015-08-16 02:03:00,Gas,Propane,2.118,55.791,-120.526,1,0,0,0,0,0,0,0,0,0,0,0,0,0,0,0,0,0,0,0,0,0,0,0,0,0,1,0,0,0,0,0
684,INC2018-142,2018-10-09 05:24:00,Gas,Natural Gas - Sweet,3980000.0,54.02808,-122.65524,1,0,0,0,0,0,0,0,0,0,0,0,0,0,0,0,0,0,0,0,1,0,0,0,0,0,0,0,0,0,0,0
33,INC2008-111,2008-11-26 03:00:00,Miscellaneous,Amine,10.0,55.56932,-121.94466,0,0,1,1,0,0,0,0,0,0,0,0,0,0,0,0,0,0,0,0,0,0,0,0,0,0,0,0,0,0,0,0
298,INC2012-125,2012-09-18 11:25:00,Gas,Natural Gas - Sweet,0.001,42.95262,-82.37435,1,0,0,0,0,0,0,0,0,0,0,0,0,0,0,0,0,0,0,0,1,0,0,0,0,0,0,0,0,0,0,0
543,INC2016-029,2016-03-31 08:05:00,Miscellaneous,Contaminated Water,10.23,55.3315,-121.5632,0,0,1,0,0,0,1,0,0,0,0,0,0,0,0,0,0,0,0,0,0,0,0,0,0,0,0,0,0,0,0,0
677,INC2018-065,2018-06-20 08:30:00,Gas,Natural Gas - Sweet,62.0,45.175993,-61.61994,1,0,0,0,0,0,0,0,0,0,0,0,0,0,0,0,0,0,0,0,1,0,0,0,0,0,0,0,0,0,0,0
626,INC2017-154,2017-09-24 03:00:00,Gas,Natural Gas - Sweet,125.4,54.28836951,-122.6166373,1,0,0,0,0,0,0,0,0,0,0,0,0,0,0,0,0,0,0,0,1,0,0,0,0,0,0,0,0,0,0,0
402,INC2014-024,2014-02-07 04:30:00,Gas,Natural Gas - Sweet,0.01,45.96376,-66.6432,1,0,0,0,0,0,0,0,0,0,0,0,0,0,0,0,0,0,0,0,1,0,0,0,0,0,0,0,0,0,0,0
578,INC2016-132,2016-11-17 06:17:00,Gas,Natural Gas - Sweet,24100.0,55.64990496,-122.2072164,1,0,0,0,0,0,0,0,0,0,0,0,0,0,0,0,0,0,0,0,1,0,0,0,0,0,0,0,0,0,0,0
554,INC2016-078,2016-07-15 06:00:00,Gas,Natural Gas - Sweet,3.0,46.11305974,-64.71567652,1,0,0,0,0,0,0,0,0,0,0,0,0,0,0,0,0,0,0,0,1,0,0,0,0,0,0,0,0,0,0,0
674,INC2018-047,2018-05-17 11:00:00,Gas,Natural Gas - Sweet,0.0001,45.19,-66.4,1,0,0,0,0,0,0,0,0,0,0,0,0,0,0,0,0,0,0,0,1,0,0,0,0,0,0,0,0,0,0,0
186,INC2011-038,2011-03-05 03:00:00,Liquid,Waste Oil,11.0,50.66255,-120.41416,0,1,0,0,0,0,0,0,0,0,0,0,0,0,0,0,0,0,0,0,0,0,0,0,0,0,0,0,0,0,1,0
624,INC2017-137,2017-09-11 02:00:00,Gas,Natural Gas - Sweet,350347.0,56.22,-122.08,1,0,0,0,0,0,0,0,0,0,0,0,0,0,0,0,0,0,0,0,1,0,0,0,0,0,0,0,0,0,0,0
640,INC2017-181,2017-11-07 09:10:00,Gas,Propane,0.001,50.38574,-104.32163,1,0,0,0,0,0,0,0,0,0,0,0,0,0,0,0,0,0,0,0,0,0,0,0,0,0,1,0,0,0,0,0
637,INC2017-176,2017-11-02 03:30:00,Gas,Natural Gas - Sour,248.0,56.14630285,-120.6691693,1,0,0,0,0,0,0,0,0,0,0,0,0,0,0,0,0,0,0,1,0,0,0,0,0,0,0,0,0,0,0,0
324,INC2013-007,2013-01-21 06:00:00,Liquid,Condensate,9.1,56.1442,-120.67138,0,1,0,0,0,1,0,0,0,0,0,0,0,0,0,0,0,0,0,0,0,0,0,0,0,0,0,0,0,0,0,0
67,INC2009-075,2009-07-30 04:45:00,Gas,Natural Gas - Sweet,40.0,55.12549,-117.83828,1,0,0,0,0,0,0,0,0,0,0,0,0,0,0,0,0,0,0,0,1,0,0,0,0,0,0,0,0,0,0,0
678,INC2018-066,2018-06-23 11:30:00,Gas,Natural Gas - Sour,27593.0,56.7538,-120.6529,1,0,0,0,0,0,0,0,0,0,0,0,0,0,0,0,0,0,0,1,0,0,0,0,0,0,0,0,0,0,0,0
563,INC2016-097,2016-08-25 09:11:00,Gas,Natural Gas Liquids,0.0001,53.54740268,-113.3557137,1,0,0,0,0,0,0,0,0,0,0,0,0,0,0,0,0,0,0,0,0,1,0,0,0,0,0,0,0,0,0,0
546,INC2016-035,2016-04-08 03:15:00,Gas,Natural Gas - Sweet,5.2,48.131264,-80.215544,1,0,0,0,0,0,0,0,0,0,0,0,0,0,0,0,0,0,0,0,1,0,0,0,0,0,0,0,0,0,0,0
82,INC2009-109,2009-09-26 11:04:00,Gas,Natural Gas - Sweet,1430000.0,46.89733,-79.80783,1,0,0,0,0,0,0,0,0,0,0,0,0,0,0,0,0,0,0,0,1,0,0,0,0,0,0,0,0,0,0,0
236,INC2011-171,2011-11-19 12:00:00,Gas,Natural Gas - Sweet,50.0,54.14314,-115.36091,1,0,0,0,0,0,0,0,0,0,0,0,0,0,0,0,0,0,0,0,1,0,0,0,0,0,0,0,0,0,0,0
586,INC2017-009,2017-01-25 01:00:00,Gas,Natural Gas - Sweet,1.0,45.98805,-64.14431,1,0,0,0,0,0,0,0,0,0,0,0,0,0,0,0,0,0,0,0,1,0,0,0,0,0,0,0,0,0,0,0
625,INC2017-153,2017-09-22 07:54:00,Gas,Natural Gas Liquids,0.002,51.867982,-109.033349,1,0,0,0,0,0,0,0,0,0,0,0,0,0,0,0,0,0,0,0,0,1,0,0,0,0,0,0,0,0,0,0
391,INC2013-175,2013-12-15 04:15:00,Gas,Natural Gas - Sweet,1500.0,49.28487,-115.17704,1,0,0,0,0,0,0,0,0,0,0,0,0,0,0,0,0,0,0,0,1,0,0,0,0,0,0,0,0,0,0,0
389,INC2013-169,2013-12-09 11:00:00,Gas,Natural Gas - Sweet,0.3,46.112702,-64.714397,1,0,0,0,0,0,0,0,0,0,0,0,0,0,0,0,0,0,0,0,1,0,0,0,0,0,0,0,0,0,0,0
13,INC2008-039,2008-04-21 07:00:00,Liquid,Crude Oil - Sweet,4.0,50.48057,-104.56646,0,1,0,0,0,0,0,0,1,0,0,0,0,0,0,0,0,0,0,0,0,0,0,0,0,0,0,0,0,0,0,0
284,INC2012-098,2012-07-31 02:00:00,Gas,Natural Gas - Sweet,100.0,43.00477,-79.05065,1,0,0,0,0,0,0,0,0,0,0,0,0,0,0,0,0,0,0,0,1,0,0,0,0,0,0,0,0,0,0,0
435,INC2014-095,2014-07-03 07:30:00,Gas,Natural Gas - Sweet,0.0001,45.30533,-76.20745,1,0,0,0,0,0,0,0,0,0,0,0,0,0,0,0,0,0,0,0,1,0,0,0,0,0,0,0,0,0,0,0
699,INC2019-047,2019-04-28 10:30:00,Gas,Natural Gas - Sweet,24419.0,49.93069,-108.94167,1,0,0,0,0,0,0,0,0,0,0,0,0,0,0,0,0,0,0,0,1,0,0,0,0,0,0,0,0,0,0,0
517,INC2015-124,2015-10-30 01:30:00,Miscellaneous,Potassium Carbonate,3.527,58.655,-122.6899,0,0,1,0,0,0,0,0,0,0,0,0,0,0,0,0,0,0,0,0,0,0,0,1,0,0,0,0,0,0,0,0
614,INC2017-080,2017-06-19 02:00:00,Gas,Natural Gas - Sweet,0.01,45.1920299,-66.40157119,1,0,0,0,0,0,0,0,0,0,0,0,0,0,0,0,0,0,0,0,1,0,0,0,0,0,0,0,0,0,0,0
658,INC2018-003,2018-01-10 12:00:00,Gas,Natural Gas - Sweet,265457.0,57.19025,-118.192939,1,0,0,0,0,0,0,0,0,0,0,0,0,0,0,0,0,0,0,0,1,0,0,0,0,0,0,0,0,0,0,0
492,INC2015-098,2015-07-10 12:00:00,Gas,Natural Gas - Sour,135.0,58.65324554,-122.6848231,1,0,0,0,0,0,0,0,0,0,0,0,0,0,0,0,0,0,0,1,0,0,0,0,0,0,0,0,0,0,0,0
421,INC2014-065,2014-04-30 04:30:00,Gas,Natural Gas - Sweet,148.0,52.173034,-113.83314,1,0,0,0,0,0,0,0,0,0,0,0,0,0,0,0,0,0,0,0,1,0,0,0,0,0,0,0,0,0,0,0
576,INC2016-126,2016-10-24 07:00:00,Gas,Natural Gas - Sweet,24000.0,49.0097,-102.589,1,0,0,0,0,0,0,0,0,0,0,0,0,0,0,0,0,0,0,0,1,0,0,0,0,0,0,0,0,0,0,0
90,INC2009-121,2009-10-28 10:40:00,Gas,Natural Gas - Sweet,100.0,49.03334,-90.51047,1,0,0,0,0,0,0,0,0,0,0,0,0,0,0,0,0,0,0,0,1,0,0,0,0,0,0,0,0,0,0,0
681,INC2018-117,2018-09-13 05:20:00,Gas,Natural Gas - Sweet,50767.0,54.414958,-111.158422,1,0,0,0,0,0,0,0,0,0,0,0,0,0,0,0,0,0,0,0,1,0,0,0,0,0,0,0,0,0,0,0
440,INC2014-110,2014-08-24 02:00:00,Miscellaneous,Sulphur,8.25,55.56909171,-121.9446616,0,0,1,0,0,0,0,0,0,0,0,0,0,0,0,0,0,0,0,0,0,0,0,0,0,0,0,0,1,0,0,0
414,INC2014-056,2014-04-10 11:15:00,Liquid,Crude Oil - Sweet,3.0,55.569092,-121.944662,0,1,0,0,0,0,0,0,1,0,0,0,0,0,0,0,0,0,0,0,0,0,0,0,0,0,0,0,0,0,0,0
211,INC2011-092,2011-06-08 09:49:00,Gas,Natural Gas - Sour,3.6,56.14635,-120.66936,1,0,0,0,0,0,0,0,0,0,0,0,0,0,0,0,0,0,0,1,0,0,0,0,0,0,0,0,0,0,0,0
399,INC2014-015,2014-01-16 12:00:00,Gas,Natural Gas - Sweet,2.0,45.273315,-66.063308,1,0,0,0,0,0,0,0,0,0,0,0,0,0,0,0,0,0,0,0,1,0,0,0,0,0,0,0,0,0,0,0
577,INC2016-128,2016-10-31 10:00:00,Gas,Natural Gas - Sweet,1.0,44.6791,-63.5921,1,0,0,0,0,0,0,0,0,0,0,0,0,0,0,0,0,0,0,0,1,0,0,0,0,0,0,0,0,0,0,0
72,INC2009-087,2009-09-01 10:00:00,Gas,Natural Gas - Sweet,10.0,59.05953,-119.89276,1,0,0,0,0,0,0,0,0,0,0,0,0,0,0,0,0,0,0,0,1,0,0,0,0,0,0,0,0,0,0,0
654,INC2017-197,2017-12-12 07:00:00,Gas,Natural Gas - Sweet,786.0,51.40840045,-113.6557044,1,0,0,0,0,0,0,0,0,0,0,0,0,0,0,0,0,0,0,0,1,0,0,0,0,0,0,0,0,0,0,0
695,INC2019-025,2019-02-19 09:00:00,Gas,Natural Gas - Sweet,1258.35,49.74450054,-84.06775503,1,0,0,0,0,0,0,0,0,0,0,0,0,0,0,0,0,0,0,0,1,0,0,0,0,0,0,0,0,0,0,0
581,INC2016-147,2016-12-17 02:00:00,Gas,Natural Gas - Sweet,1.0,44.690626,-63.59345,1,0,0,0,0,0,0,0,0,0,0,0,0,0,0,0,0,0,0,0,1,0,0,0,0,0,0,0,0,0,0,0
499,INC2015-095,2015-08-19 09:30:00,Gas,Natural Gas - Sweet,2366.0,56.337317,-119.910103,1,0,0,0,0,0,0,0,0,0,0,0,0,0,0,0,0,0,0,0,1,0,0,0,0,0,0,0,0,0,0,0
27,INC2008-087,2008-09-05 12:00:00,Gas,Butane,0.1,56.14631,-120.6692,1,0,0,0,1,0,0,0,0,0,0,0,0,0,0,0,0,0,0,0,0,0,0,0,0,0,0,0,0,0,0,0
655,INC2017-201,2017-12-25 12:00:00,Gas,Natural Gas - Sweet,252.0,54.04370807,-117.4205423,1,0,0,0,0,0,0,0,0,0,0,0,0,0,0,0,0,0,0,0,1,0,0,0,0,0,0,0,0,0,0,0
16,INC2008-048,2008-05-11 11:30:00,Liquid,Crude Oil - Sweet,7.0,50.48386,-104.61447,0,1,0,0,0,0,0,0,1,0,0,0,0,0,0,0,0,0,0,0,0,0,0,0,0,0,0,0,0,0,0,0
63,INC2009-060,2009-07-13 12:00:00,Gas,Natural Gas - Sour,4.0,58.93456,-121.3121,1,0,0,0,0,0,0,0,0,0,0,0,0,0,0,0,0,0,0,1,0,0,0,0,0,0,0,0,0,0,0,0
634,INC2017-173,2017-10-24 09:00:00,Gas,Propane,2.0,56.14630285,-120.6691693,1,0,0,0,0,0,0,0,0,0,0,0,0,0,0,0,0,0,0,0,0,0,0,0,0,0,1,0,0,0,0,0
540,INC2016-027,2016-03-03 10:00:00,Gas,Natural Gas - Sweet,1.0,44.677392,-63.596725,1,0,0,0,0,0,0,0,0,0,0,0,0,0,0,0,0,0,0,0,1,0,0,0,0,0,0,0,0,0,0,0
526,INC2015-147,2015-12-17 11:55:00,Gas,Natural Gas - Sour,10.4,55.04185986,-121.0187559,1,0,0,0,0,0,0,0,0,0,0,0,0,0,0,0,0,0,0,1,0,0,0,0,0,0,0,0,0,0,0,0
438,INC2014-104,2014-08-04 09:51:00,Miscellaneous,Sulphur,63.0,55.569092,-121.944662,0,0,1,0,0,0,0,0,0,0,0,0,0,0,0,0,0,0,0,0,0,0,0,0,0,0,0,0,1,0,0,0
131,INC2010-079,2010-07-24 09:30:00,Gas,Natural Gas - Sweet,100.0,43.87391,-79.57983,1,0,0,0,0,0,0,0,0,0,0,0,0,0,0,0,0,0,0,0,1,0,0,0,0,0,0,0,0,0,0,0
427,INC2014-074,2014-05-26 05:00:00,Gas,Natural Gas - Sweet,1114.0,53.522635,-112.075565,1,0,0,0,0,0,0,0,0,0,0,0,0,0,0,0,0,0,0,0,1,0,0,0,0,0,0,0,0,0,0,0
243,INC2011-186,2011-12-27 07:50:00,Gas,Natural Gas - Sweet,236.0,45.251566,-66.097871,1,0,0,0,0,0,0,0,0,0,0,0,0,0,0,0,0,0,0,0,1,0,0,0,0,0,0,0,0,0,0,0
54,INC2009-045,2009-05-22 05:00:00,Gas,Propane,6.36,51.55484,-107.996,1,0,0,0,0,0,0,0,0,0,0,0,0,0,0,0,0,0,0,0,0,0,0,0,0,0,1,0,0,0,0,0
673,INC2018-040,2018-05-03 04:20:00,Gas,Natural Gas - Sour,59.7,58.6545943,-122.6905284,1,0,0,0,0,0,0,0,0,0,0,0,0,0,0,0,0,0,0,1,0,0,0,0,0,0,0,0,0,0,0,0
622,INC2017-114,2017-08-09 04:55:00,Gas,Natural Gas - Sweet,17022.0,54.057238,-113.219046,1,0,0,0,0,0,0,0,0,0,0,0,0,0,0,0,0,0,0,0,1,0,0,0,0,0,0,0,0,0,0,0
569,INC2016-115,2016-09-22 01:10:00,Gas,Natural Gas Liquids,0.0001,52.63822644,-111.2786457,1,0,0,0,0,0,0,0,0,0,0,0,0,0,0,0,0,0,0,0,0,1,0,0,0,0,0,0,0,0,0,0
456,INC2014-154,2014-12-23 04:15:00,Gas,Natural Gas - Sweet,100.0,45.25902,-66.094405,1,0,0,0,0,0,0,0,0,0,0,0,0,0,0,0,0,0,0,0,1,0,0,0,0,0,0,0,0,0,0,0
534,INC2016-019,2016-02-03 04:30:00,Gas,Natural Gas - Sweet,6380.0,56.083,-120.404,1,0,0,0,0,0,0,0,0,0,0,0,0,0,0,0,0,0,0,0,1,0,0,0,0,0,0,0,0,0,0,0
560,INC2016-088,2016-08-06 04:30:00,Gas,Natural Gas - Sweet,8.0,45.28066,-66.0027,1,0,0,0,0,0,0,0,0,0,0,0,0,0,0,0,0,0,0,0,1,0,0,0,0,0,0,0,0,0,0,0
494,INC2015-084,2015-07-20 06:25:00,Gas,Natural Gas Liquids,0.0001,50.482934,-104.586279,1,0,0,0,0,0,0,0,0,0,0,0,0,0,0,0,0,0,0,0,0,1,0,0,0,0,0,0,0,0,0,0
536,INC2016-021,2016-02-08 02:02:00,Gas,Natural Gas - Sour,13.23,55.569092,-121.944662,1,0,0,0,0,0,0,0,0,0,0,0,0,0,0,0,0,0,0,1,0,0,0,0,0,0,0,0,0,0,0,0
503,INC2015-104,2015-09-06 10:00:00,Gas,Natural Gas - Sweet,9510.0,53.914064,-111.700742,1,0,0,0,0,0,0,0,0,0,0,0,0,0,0,0,0,0,0,0,1,0,0,0,0,0,0,0,0,0,0,0
113,INC2010-045,2010-04-01 07:00:00,Gas,Natural Gas - Sweet,100.0,43.18849,-79.8485,1,0,0,0,0,0,0,0,0,0,0,0,0,0,0,0,0,0,0,0,1,0,0,0,0,0,0,0,0,0,0,0
619,INC2017-103,2017-07-20 10:00:00,Gas,Natural Gas - Sweet,58.7,50.07617,-99.9867,1,0,0,0,0,0,0,0,0,0,0,0,0,0,0,0,0,0,0,0,1,0,0,0,0,0,0,0,0,0,0,0
556,INC2016-081,2016-07-21 02:40:00,Liquid,Diesel Fuel,2.3,53.54290845,-113.3644501,0,1,0,0,0,0,0,0,0,0,1,0,0,0,0,0,0,0,0,0,0,0,0,0,0,0,0,0,0,0,0,0
671,INC2018-037,2018-04-27 03:00:00,Gas,Natural Gas - Sweet,1.0,45.9875348,-64.1437017,1,0,0,0,0,0,0,0,0,0,0,0,0,0,0,0,0,0,0,0,1,0,0,0,0,0,0,0,0,0,0,0
7,INC2008-021,2008-03-01 04:45:00,Gas,Natural Gas - Sweet,18.0,49.30391,-82.04386,1,0,0,0,0,0,0,0,0,0,0,0,0,0,0,0,0,0,0,0,1,0,0,0,0,0,0,0,0,0,0,0
416,INC2014-059,2014-04-18 04:30:00,Liquid,Crude Oil - Sweet,15.0,53.547403,-113.355714,0,1,0,0,0,0,0,0,1,0,0,0,0,0,0,0,0,0,0,0,0,0,0,0,0,0,0,0,0,0,0,0
667,INC2018-028,2018-04-13 12:22:00,Gas,Natural Gas - Sweet,50622.5,54.532966,-112.094773,1,0,0,0,0,0,0,0,0,0,0,0,0,0,0,0,0,0,0,0,1,0,0,0,0,0,0,0,0,0,0,0
353,INC2013-095,2013-06-14 12:00:00,Gas,Natural Gas - Sweet,0.85,45.156922,-66.769837,1,0,0,0,0,0,0,0,0,0,0,0,0,0,0,0,0,0,0,0,1,0,0,0,0,0,0,0,0,0,0,0
702,INC2019-081,2019-07-14 05:00:00,Liquid,Crude Oil - Sweet,5.0,50.1731181,-111.165654,0,1,0,0,0,0,0,0,1,0,0,0,0,0,0,0,0,0,0,0,0,0,0,0,0,0,0,0,0,0,0,0
20,INC2008-067,2008-07-06 12:00:00,Liquid,Crude Oil - Synthetic,40.0,53.54745,-113.35577,0,1,0,0,0,0,0,0,0,1,0,0,0,0,0,0,0,0,0,0,0,0,0,0,0,0,0,0,0,0,0,0
568,INC2016-108,2016-09-05 12:41:00,Gas,Natural Gas - Sweet,113.55,55.55101914,-122.4538759,1,0,0,0,0,0,0,0,0,0,0,0,0,0,0,0,0,0,0,0,1,0,0,0,0,0,0,0,0,0,0,0
588,INC2017-011,2017-01-28 04:00:00,Miscellaneous,Hydrogen Sulphide,0.86,55.56909171,-121.9446616,0,0,1,0,0,0,0,0,0,0,0,0,0,0,0,1,0,0,0,0,0,0,0,0,0,0,0,0,0,0,0,0
430,INC2014-081,2014-06-02 07:45:00,Gas,Natural Gas - Sweet,322.0,52.92871,-111.88764,1,0,0,0,0,0,0,0,0,0,0,0,0,0,0,0,0,0,0,0,1,0,0,0,0,0,0,0,0,0,0,0
565,INC2016-110,2016-08-28 06:26:00,Gas,Natural Gas - Sweet,52.0,56.14356248,-120.6685897,1,0,0,0,0,0,0,0,0,0,0,0,0,0,0,0,0,0,0,0,1,0,0,0,0,0,0,0,0,0,0,0
337,INC2013-043,2013-03-13 08:00:00,Liquid,Condensate,2.0,59.20186,-121.596498,0,1,0,0,0,1,0,0,0,0,0,0,0,0,0,0,0,0,0,0,0,0,0,0,0,0,0,0,0,0,0,0
592,INC2017-023,2017-02-17 03:10:00,Liquid,Condensate,988.0,53.51651,-113.37012,0,1,0,0,0,1,0,0,0,0,0,0,0,0,0,0,0,0,0,0,0,0,0,0,0,0,0,0,0,0,0,0
32,INC2008-110,2008-11-20 12:00:00,Liquid,Condensate,10.0,59.20196,-121.5963,0,1,0,0,0,1,0,0,0,0,0,0,0,0,0,0,0,0,0,0,0,0,0,0,0,0,0,0,0,0,0,0
340,INC2013-056,2013-04-04 06:30:00,Gas,Mixed HVP Hydrocarbons,30.0,42.281736,-83.07803,1,0,0,0,0,0,0,0,0,0,0,0,0,0,0,0,0,0,1,0,0,0,0,0,0,0,0,0,0,0,0,0
638,INC2017-177,2017-11-02 11:00:00,Gas,Natural Gas - Sweet,1000.0,50.07364,-104.00057,1,0,0,0,0,0,0,0,0,0,0,0,0,0,0,0,0,0,0,0,1,0,0,0,0,0,0,0,0,0,0,0
386,INC2013-162,2013-11-26 11:24:00,Gas,Natural Gas - Sweet,4300000.0,54.50936,-112.64735,1,0,0,0,0,0,0,0,0,0,0,0,0,0,0,0,0,0,0,0,1,0,0,0,0,0,0,0,0,0,0,0
461,INC2015-013,2015-01-31 01:45:00,Gas,Fuel Gas,1.0,44.719151,-63.583774,1,0,0,0,0,0,0,0,0,0,0,0,1,0,0,0,0,0,0,0,0,0,0,0,0,0,0,0,0,0,0,0
135,INC2010-091,2010-08-23 09:15:00,Liquid,Gasoline,25.1,45.140221,-74.562991,0,1,0,0,0,0,0,0,0,0,0,0,0,1,0,0,0,0,0,0,0,0,0,0,0,0,0,0,0,0,0,0
78,INC2009-103,2009-09-18 11:00:00,Gas,Natural Gas - Sweet,0.1,49.68123,-95.37477,1,0,0,0,0,0,0,0,0,0,0,0,0,0,0,0,0,0,0,0,1,0,0,0,0,0,0,0,0,0,0,0
128,INC2010-066,2010-07-06 02:20:00,Gas,Natural Gas - Sweet,0.5,53.16727,-112.15003,1,0,0,0,0,0,0,0,0,0,0,0,0,0,0,0,0,0,0,0,1,0,0,0,0,0,0,0,0,0,0,0
486,INC2015-071,2015-06-15 11:00:00,Liquid,Waste Oil,2.0,56.14630285,-120.6691693,0,1,0,0,0,0,0,0,0,0,0,0,0,0,0,0,0,0,0,0,0,0,0,0,0,0,0,0,0,0,1,0
518,INC2015-127,2015-11-08 10:00:00,Gas,Natural Gas - Sweet,14075.0,52.61406,-110.96464,1,0,0,0,0,0,0,0,0,0,0,0,0,0,0,0,0,0,0,0,1,0,0,0,0,0,0,0,0,0,0,0
395,INC2014-006,2014-01-11 12:15:00,Liquid,Lube Oil,2.0,49.716512,-96.976655,0,1,0,0,0,0,0,0,0,0,0,0,0,0,0,0,0,1,0,0,0,0,0,0,0,0,0,0,0,0,0,0
709,INC2019-120,2019-11-04 11:26:00,Gas,Natural Gas - Sweet,31775.96,53.198331,-116.194173,1,0,0,0,0,0,0,0,0,0,0,0,0,0,0,0,0,0,0,0,1,0,0,0,0,0,0,0,0,0,0,0
366,INC2013-118,2013-07-28 07:45:00,Gas,Natural Gas Liquids,0.0001,51.865344,-109.026045,1,0,0,0,0,0,0,0,0,0,0,0,0,0,0,0,0,0,0,0,0,1,0,0,0,0,0,0,0,0,0,0
502,INC2015-103,2015-08-29 01:00:00,Gas,Natural Gas - Sweet,92300.0,55.42619,-122.67658,1,0,0,0,0,0,0,0,0,0,0,0,0,0,0,0,0,0,0,0,1,0,0,0,0,0,0,0,0,0,0,0
630,INC2017-165,2017-10-11 01:54:00,Gas,Natural Gas - Sweet,15570.0,49.11777778,-121.9988889,1,0,0,0,0,0,0,0,0,0,0,0,0,0,0,0,0,0,0,0,1,0,0,0,0,0,0,0,0,0,0,0
151,INC2010-119,2010-10-28 09:00:00,Gas,Natural Gas - Sweet,11000.0,50.67645278,-109.9787222,1,0,0,0,0,0,0,0,0,0,0,0,0,0,0,0,0,0,0,0,1,0,0,0,0,0,0,0,0,0,0,0
17,INC2008-056,2008-06-05 07:20:00,Liquid,Crude Oil - Sweet,8.0,53.5431,-113.35401,0,1,0,0,0,0,0,0,1,0,0,0,0,0,0,0,0,0,0,0,0,0,0,0,0,0,0,0,0,0,0,0
6,INC2008-018,2008-02-25 12:00:00,Gas,Natural Gas - Sweet,100.0,50.20739,-101.48731,1,0,0,0,0,0,0,0,0,0,0,0,0,0,0,0,0,0,0,0,1,0,0,0,0,0,0,0,0,0,0,0
448,INC2014-136,2014-11-10 05:13:00,Gas,Natural Gas - Sweet,0.01,45.27322,-66.06481,1,0,0,0,0,0,0,0,0,0,0,0,0,0,0,0,0,0,0,0,1,0,0,0,0,0,0,0,0,0,0,0
680,INC2018-111,2018-09-02 02:10:00,Miscellaneous,Drilling Fluid,0.05,49.74598858,-101.2510539,0,0,1,0,0,0,0,0,0,0,0,1,0,0,0,0,0,0,0,0,0,0,0,0,0,0,0,0,0,0,0,0
491,INC2015-080,2015-07-09 11:01:00,Gas,Natural Gas - Sweet,1.0,54.61366745,-118.2116069,1,0,0,0,0,0,0,0,0,0,0,0,0,0,0,0,0,0,0,0,1,0,0,0,0,0,0,0,0,0,0,0
700,INC2019-048,2019-05-01 03:51:00,Gas,Natural Gas - Sweet,0.01,49.14183644,-121.9598926,1,0,0,0,0,0,0,0,0,0,0,0,0,0,0,0,0,0,0,0,1,0,0,0,0,0,0,0,0,0,0,0
707,INC2019-113,2019-10-18 06:30:00,Liquid,Lube Oil,3.18,51.44418383,-114.5271075,0,1,0,0,0,0,0,0,0,0,0,0,0,0,0,0,0,1,0,0,0,0,0,0,0,0,0,0,0,0,0,0
688,INC2018-177,2018-11-28 06:22:00,Gas,Natural Gas - Sour,4.94,55.573639,-121.9434,1,0,0,0,0,0,0,0,0,0,0,0,0,0,0,0,0,0,0,1,0,0,0,0,0,0,0,0,0,0,0,0
